Order #,SB #,SKU,Item Description,Model,Qty,Category,Unit Retail,Ext. Retail,Brand,UPC,Department,Product Class,Subcategory
1176354,778005,1002159511,TimeMaster 30 in. Briggs & Stratton Personal Pace Self-Propelled Walk-Behind Gas Lawn Mower with Spin-Stop,21199,1,HARDWARE AND TOOLS,1783.1,1783.1,Toro,,Outdoors,,Lawn Mowers
1176354,777726,1001694561,RIDGID 10IN WET TILE SAW W-STAND,R4092,2,HARDWARE AND TOOLS,793.65,1587.3,RIDGID,,Flooring,,Flooring Tools
1176354,778005,1003581001,9-Piece Regular Duty Welded Steel Garage Storage System in Black (133 in. W x 75 in. H x 19 in. D) (Please be advised that sets may be missing pieces or otherwise incomplete.),GS13209-WO,1,HARDWARE AND TOOLS,1056.87,1056.87,Husky,,Storage & Organization,,Garage Storage Systems
1176354,777726,929866,RIDGID 12 GAL WET/DRY VAC,WD1270,8,HARDWARE AND TOOLS,124.33,994.64,,,,,
1176354,778005,463474,LINCOLN ELEC 140HD WIRE FEED WELDER,K2514-1,1,HARDWARE AND TOOLS,833.34,833.34,,,,,
1176354,778005,1003839187,21in. 140cc Briggs & Stratton Gas Push Lawn Mower with Rear bag and Mulching Kit Included,11A-B1BM723,2,HARDWARE AND TOOLS,407.65,815.3,Troy-Bilt,,Outdoors,,Lawn Mowers
1176354,778005,1001694561,RIDGID 10IN WET TILE SAW W-STAND,R4092,1,HARDWARE AND TOOLS,793.65,793.65,RIDGID,,Flooring,,Flooring Tools
1176354,778005,311220,"""7"""" RIDGID TILE SAW W/ STAND""",R4030S,2,HARDWARE AND TOOLS,353.12,706.24,,,,,
1176354,777726,311220,"""7"""" RIDGID TILE SAW W/ STAND""",R4030S,2,HARDWARE AND TOOLS,353.12,706.24,,,,,
1176354,777726,1004185550,"""90 QT STORAGE BOX, GRAY""",16666A04,39,HARDWARE AND TOOLS,17.19,670.41,Sterilite,,Storage & Organization,,Storage Bins
1176354,778005,1003430745,"9 Gal. 4.25-Peak HP NXT Wet/Dry Shop Vacuum with Filter, Hose and Accessories",HD0900,6,HARDWARE AND TOOLS,109.87,659.22,RIDGID,,Tools,,Wet & Dry Vacuums
1176354,777726,1003208332,4.5 Gal. Portable Electric-Powered Silent Air Compressor,3320445,3,HARDWARE AND TOOLS,218.2,654.6,Husky,,Tools,,Air Compressors
1176354,777726,1002256333,M18 FUEL 18V Lithium-Ion Brushless Cordless 10 in. Dual Bevel Sliding Compound Miter Saw (Tool-Only),754572,1,HARDWARE AND TOOLS,642.39,642.39,Milwaukee,,Tools,,Saws
1176354,778005,1000029981,HUSKY 432PC MECHANICS TOOL SET (Please be advised that sets may be missing pieces or otherwise incomplete.),H432MTS,1,HARDWARE AND TOOLS,546.21,546.21,Husky,,Tools,,Hand Tool Sets
1176354,777726,1003225286,72 in. x 24 in. 3-Drawers Rolling Industrial Workbench and Wood Top,68001,1,HARDWARE AND TOOLS,530.99,530.99,Duramax Building Products,,Tools,,Tool Chests
1176354,777726,1006435558,3100 PSI 2.3 GPM Cold Water Gas Pressure Washer Honda,RY803023,1,HARDWARE AND TOOLS,495.88,495.88,RYOBI,,Outdoors,,Pressure Washers
1176354,778005,1006399517,46 in. W x 51 in. D Standard Duty 9-Drawer Mobile Workbench with Solid Top Full Length Extension Table in Gloss White,HOTC4609BJ5M,1,HARDWARE AND TOOLS,491.88,491.88,Husky,,Tools,,Tool Chests
1176354,778005,1005530962,1600 Peak Amp Portable Car Jump Starter with 120 PSI Digital Air Compressor and 500-Watt Inverter,DXAEPS14,2,HARDWARE AND TOOLS,244.4,488.8,DEWALT,,Automotive,,Jump Starters
1176354,778005,1002159927,0.8 cu. ft. Fireproof & Waterproof Safe with Digital Combination Lock,SFW082F,2,HARDWARE AND TOOLS,238.08,476.16,SentrySafe,,Tools,,Safes
1176354,778005,525441,6 SHELF CHROME WIRE UNIT 48X18X72,HD18481302PS,4,HARDWARE AND TOOLS,113.62,454.48,,,,,
1176354,778005,1006834733,6 Qt. Latching Storage Totes (Set of 3) (Please be advised that sets may be missing pieces or otherwise incomplete.),14805D04,48,HARDWARE AND TOOLS,9.34,448.32,Sterilite,,Storage & Organization,,Storage Bins
1176354,778005,1003208332,4.5 Gal. Portable Electric-Powered Silent Air Compressor,3320445,2,HARDWARE AND TOOLS,218.2,436.4,Husky,,Tools,,Air Compressors
1176354,777726,1004319517,46 in. W x 24.5 in. D Standard Duty 9-Drawer Mobile WorkbenchTool Chest with Solid Wood Top in Gloss White,H46MWC9GWXD-TL,1,HARDWARE AND TOOLS,434.38,434.38,Husky,,Tools,,Tool Chests
1176354,778005,1001375615,20 in. 50.2 cc Gas 2-Stroke Cycle Chainsaw,CS-490-20AA,1,HARDWARE AND TOOLS,432.66,432.66,ECHO,,Outdoors,,Chainsaws
1176354,778005,1004921329,20 Gal. Vertical Electric-Powered Silent Air Compressor,3332013,1,HARDWARE AND TOOLS,428.82,428.82,Husky,,Tools,,Air Compressors
1176354,778005,1001375624,216 MPH 517 CFM 58.2cc Gas 2-Stroke Cycle Backpack Leaf Blower with Tube Throttle,PB-580TAA,1,HARDWARE AND TOOLS,409.51,409.51,ECHO,,Outdoors,,Leaf Blowers
1176354,777726,1004797215,917 SmartCode Satin Nickel Keypad Electronic Single-Cylinder Tustin Door Lever Featuring SmartKey Security,99170-001,3,HARDWARE AND TOOLS,136.3,408.9,Kwikset,,Hardware,,Door Locks
1176354,778005,1000024915,SmartCode 913 Satin Nickel Single Cylinder Keypad Electronic Deadbolt Featuring SmartKey Security,99130-002,3,HARDWARE AND TOOLS,136.16,408.48,Kwikset,,Hardware,,Door Locks
1176354,777726,1000045230,7 in. 4.8 Amp Tabletop Tile Saw,WS722,3,HARDWARE AND TOOLS,135.41,406.23,RYOBI,,Flooring,,Flooring Tools
1176354,777726,513945,BW BIGHORN X CARNABY HSET VEN BRNZ,91800-007,2,HARDWARE AND TOOLS,193.41,386.82,,,,,
1176354,778005,776130,VARIABLE SPD RT ANGLE DRILL KIT/HOST,3107-6,1,HARDWARE AND TOOLS,385.11,385.11,,,,,
1176354,778005,1005649350,"Flex-Force 16 in. 60-Volt Max Lithium-Ion Battery Electric Cordless Chainsaw, 2.5 Ah Battery and Charger Included",51850,1,HARDWARE AND TOOLS,380,380,Toro,,Outdoors,,Chainsaws
1176354,778005,1002714648,HUSKY 8G 150 PSI HOTDOG COMPRESSOR,300816,2,HARDWARE AND TOOLS,185.05,370.1,Husky,,Tools,,Air Compressors
1176354,777726,311220,"""7"""" RIDGID TILE SAW W/ STAND""",R4030S,1,HARDWARE AND TOOLS,360.57,360.57,,,,,
1176354,778005,1002969129,"M18 FUEL 18V Lithium-Ion Brushless Cordless HACKZALL Reciprocating Saw Kit W/(1) 5.0Ah Batteries, Charger & Tool Bag",2719-21,1,HARDWARE AND TOOLS,355.14,355.14,Milwaukee,,Tools,,Saws
1176354,777726,1003837689,20 in. 21.2 cc Gas 2-Stroke Hedge Trimmer,HC-2020AA,1,HARDWARE AND TOOLS,352.58,352.58,ECHO,,Outdoors,,Trimmers
1176354,778005,311220,"""7"""" RIDGID TILE SAW W/ STAND""",R4030S,1,HARDWARE AND TOOLS,350.9,350.9,,,,,
1176354,777726,1001253037,"""MAKITA 7/16"""" MEDIUM CROWN STAPLER""",AT1150A,1,HARDWARE AND TOOLS,339.71,339.71,,,,,
1176354,777726,929602,RIDGID 16 GAL DETACH BLOWER W/D VAC,WD1680,2,HARDWARE AND TOOLS,167.8,335.6,,,,,
1176354,777726,1006562802,Schumacher Pro Automotive 12-Volt 1200 Peak Amp Jump Starter and Portable Power Station with 100-PSI Air Compressor,SPR1631,2,HARDWARE AND TOOLS,165.31,330.62,Schumacher Electric,,Automotive,,Jump Starters
1176354,777726,1003430745,"9 Gal. 4.25-Peak HP NXT Wet/Dry Shop Vacuum with Filter, Hose and Accessories",HD0900,3,HARDWARE AND TOOLS,109.87,329.61,RIDGID,,Tools,,Wet & Dry Vacuums
1176354,778005,255156,RIDGID 14 GAL WET/DRY VAC,WD1450,2,HARDWARE AND TOOLS,162.93,325.86,,,,,
1176354,778005,235294,DW HD MITER STAND,DWX723,1,HARDWARE AND TOOLS,319.94,319.94,,,,,
1176354,777726,1004154264,15 Amp Corded 10 in. Compound Single Bevel Miter Saw,DWS713,1,HARDWARE AND TOOLS,310.48,310.48,DEWALT,,Tools,,Saws
1176354,777726,1005847794,16 in. 34.4 cc Gas 2-Stroke Engine Chainsaw,CS-3510-16AA,1,HARDWARE AND TOOLS,310.21,310.21,ECHO,,Outdoors,,Chainsaws
1176354,777726,1002460039,FOLDING MITER SAW STAND,762206,1,HARDWARE AND TOOLS,305.49,305.49,Milwaukee,,Tools,,Tool Stands
1176354,778005,1001536209,Montara Venetian Bronze Single Cylinder Door Handleset with Juno Entry Door Knob Featuring SmartKey Security,95530-019,2,HARDWARE AND TOOLS,145.35,290.7,Kwikset,,Hardware,,Entry Door Handlesets
1176354,778005,476085,RIDGID 4 GAL PORTABLE WET/DRY VAC,WD4070,2,HARDWARE AND TOOLS,136.84,273.68,,,,,
1176354,777726,476085,RIDGID 4 GAL PORTABLE WET/DRY VAC,WD4070,2,HARDWARE AND TOOLS,136.84,273.68,,,,,
1176354,777726,1001536212,SmartCode 913 Venetian Bronze Single Cylinder Keypad Electronic Deadbolt Featuring SmartKey Security,99130-003,2,HARDWARE AND TOOLS,136.16,272.32,Kwikset,,Hardware,,Door Locks
1176354,777726,1005648937,15 in. 46 cc Gas Powered 4-Cycle Gas Cultivator,A063001,1,HARDWARE AND TOOLS,271.77,271.77,Legend Force,,Outdoors,,Rototillers & Cultivators
1176354,777726,1005422393,"""HUSKY 290PC MECH SET 1/4,3/8,1/2"""""" (Please be advised that sets may be missing pieces or otherwise incomplete.)",H290MTS,1,HARDWARE AND TOOLS,270.2,270.2,Husky,,Tools,,Hand Tool Sets
1176354,777726,1003181540,BLAZE 400 ft. Outdoor Laser Distance Tape Measuring Tool with Bluetooth and Camera Viewfinder,GLM400C,1,HARDWARE AND TOOLS,267.48,267.48,Bosch,,Tools,,Measuring Tools
1176354,777726,1001605055,EGO 56V LI-ION TURBO BLOWER 2.5AH,LB5302,1,HARDWARE AND TOOLS,257.95,257.95,,,,,
1176354,777726,1005152869,M12 FUEL 12V Lithium-Ion Brushless Cordless 1/2 in. Right Angle Impact Wrench (Tool-Only),2565-20,1,HARDWARE AND TOOLS,256.4,256.4,Milwaukee,,Tools,,Impact Wrenches
1176354,778005,1002235647,MAKITA 18V BLOWER WTUBE (TOOL ONLY),DUB183Z,2,HARDWARE AND TOOLS,127.19,254.38,,,,,
1176354,778005,929866,RIDGID 12 GAL WET/DRY VAC,WD1270,2,HARDWARE AND TOOLS,124.33,248.66,,,,,
1176354,778005,1006456338,64 in. W Utility Shelf and Track Storage System,220861,1,HARDWARE AND TOOLS,246.33,246.33,Garage Essentials,,Storage & Organization,,Garage Wall Organization
1176354,777726,1005530962,1600 Peak Amp Portable Car Jump Starter with 120 PSI Digital Air Compressor and 500-Watt Inverter,DXAEPS14,1,HARDWARE AND TOOLS,244.4,244.4,DEWALT,,Automotive,,Jump Starters
1176354,777726,1005203021,20-Volt MAX Compact Lithium-Ion 4.0Ah Battery Pack with 12-Volt to 20-Volt MAX Charger,DCB240C,1,HARDWARE AND TOOLS,240.34,240.34,DEWALT,,Tools,,Power Tool Batteries
1176354,778005,361551,RIDGID 1625CFM AIR MOVER W/WHLS&HNDL,AM2560,1,HARDWARE AND TOOLS,239.16,239.16,,,,,
1176354,777726,361551,RIDGID 1625CFM AIR MOVER W/WHLS&HNDL,AM2560,1,HARDWARE AND TOOLS,239.16,239.16,,,,,
1176354,778005,1002258129,M18 FUEL 24 in. 18V Lithium-Ion Brushless Cordless Hedge Trimmer (Tool-Only),2726-20,1,HARDWARE AND TOOLS,236.32,236.32,Milwaukee,,Outdoors,,Trimmers
1176354,778005,1003141977,M18 18-Volt Lithium-Ion High Output Battery Pack 6.0Ah,48-11-1865,1,HARDWARE AND TOOLS,226.44,226.44,Milwaukee,,Outdoors,,Outdoor Power Equipment Parts
1176354,777726,1006600698,ONE+ 18V 5-1/2 in. Flooring Saw with Blade (Tool Only),PGC21B,1,HARDWARE AND TOOLS,225.25,225.25,RYOBI,,Flooring,,Flooring Tools
1176354,778005,1000532601,Plastic Freestanding Garage Cabinet in Gray (35 in. W x 71 in. H x 18 in. D),17183679,1,HARDWARE AND TOOLS,224.52,224.52,HDX,,Storage & Organization,,Garage Cabinets
1176354,778005,1003975975,40V Expand-It Cordless Battery Attachment Capable String Trimmer with 4.0 Ah Battery and Charger,RY40250,1,HARDWARE AND TOOLS,221.93,221.93,RYOBI,,Outdoors,,Trimmers
1176354,778005,1001058171,Powerbolt2 Satin Nickel Single Cylinder Keypad Electronic Deadbolt Featuring SmartKey Security,99070-101,3,HARDWARE AND TOOLS,72.8,218.4,Kwikset,,Hardware,,Door Locks
1176354,777726,1002149991,M18 FUEL SURGE 18-Volt Lithium-Ion Brushless Cordless 1/4 in. Hex Impact Driver (Tool-Only),2760-20,1,HARDWARE AND TOOLS,217.67,217.67,Milwaukee,,Tools,Power Tools,Drills
1176354,777726,1000022427,70QT ULTRA LATCH STORAGE BOX,19888648,12,HARDWARE AND TOOLS,17.85,214.2,Sterilite,,Storage & Organization,,Storage Bins
1176354,778005,1007092739,Arched 3 in. (76 mm) Center-to-Center Matte Black Drawer Pull (10-Pack) (Please be advised that sets may be missing pieces or otherwise incomplete.),P22667C-FB-K1,7,HARDWARE AND TOOLS,30.55,213.85,Liberty,,Hardware,,Drawer Pulls
1176354,778005,1002365328,6.5 Amp Corded 7 in. Table Top Wet Tile Saw,R4021,1,HARDWARE AND TOOLS,211.19,211.19,RIDGID,,Flooring,,Flooring Tools
1176354,778005,1002965436,Ready-to-Assemble 24-Gauge Steel 1-Drawer 2-Door Garage Base Cabinet in Black (28 in. W x 33 in. H x 18 in. D,G2801B-US,1,HARDWARE AND TOOLS,208.11,208.11,Husky,,Storage & Organization,,Garage Cabinets
1176354,777726,1007830396,40-VOLT LITHIUM-ION QUICK CHARGER,OP408AVNM,2,HARDWARE AND TOOLS,100.31,200.62,RYOBI,,Outdoors,,Outdoor Power Replacement Parts
1176354,778005,513945,BW BIGHORN X CARNABY HSET VEN BRNZ,91800-007,1,HARDWARE AND TOOLS,193.41,193.41,,,,,
1176354,778005,929602,RIDGID 16 GAL DETACH BLOWER W/D VAC,WD1680,1,HARDWARE AND TOOLS,190.06,190.06,,,,,
1176354,777726,1004714733,25 ft. x 1-5/16 in. Wide Blade Magnetic Tape Measure with 17 ft. Reach,48-22-0225M,6,HARDWARE AND TOOLS,31.57,189.42,Milwaukee,,Tools,,Measuring Tools
1176354,778005,1003430744,"6 Gal. 3.5-Peak HP NXT Wet/Dry Shop Vacuum with Filter, Hose and Accessories",HD0600,2,HARDWARE AND TOOLS,94.19,188.38,RIDGID,,Tools,,Wet & Dry Vacuums
1176354,777726,1003430744,"6 Gal. 3.5-Peak HP NXT Wet/Dry Shop Vacuum with Filter, Hose and Accessories",HD0600,2,HARDWARE AND TOOLS,94.19,188.38,RIDGID,,Tools,,Wet & Dry Vacuums
1176354,777726,1002714648,HUSKY 8G 150 PSI HOTDOG COMPRESSOR,300816,1,HARDWARE AND TOOLS,185.05,185.05,Husky,,Tools,,Air Compressors
1176354,777726,346616,"""BOSCH 1-1/8"""" HEX CLAY SPADE5-3/8X21""""""",HS2169,3,HARDWARE AND TOOLS,60.89,182.67,,,,,
1176354,778005,1002240617,12V MAX CXT Lithium-Ion Cordless Reciprocating Saw Kit,RJ03R1,1,HARDWARE AND TOOLS,177.1,177.1,Makita,,Tools,,Saws
1176354,777726,1000023627,Plastic Freestanding Garage Cabinet in Black (35 in. W x 74 in. H x 18 in. D),214160,1,HARDWARE AND TOOLS,177.1,177.1,Keter,,Storage & Organization,,Garage Cabinets
1176354,777726,1005993465,"1000 Peak Amp Jump Starter, Dual USB, Rechargeable",SS6LV,2,HARDWARE AND TOOLS,88.55,177.1,Vector,,Automotive,,Jump Starters
1176354,777726,1003224757,26 in. Star Max Tile Cutter,14967,2,HARDWARE AND TOOLS,88.37,176.74,Rubi,,Flooring,,Flooring Tools
1176354,778005,911087,KS SIG JUNO CMB PCK VEN BRONZE,991J11PSMTCPK4,3,HARDWARE AND TOOLS,58.73,176.19,,,,,
1176354,778005,1000026321,6 SHELF CHROME WIRE UNIT 48X24X72,HD32448RCPS,1,HARDWARE AND TOOLS,172.59,172.59,,,,,
1176354,778005,1001222707,M18 18-Volt 5.0 Ah Lithium-Ion XC Extended Capacity Battery Pack,48-11-1850,1,HARDWARE AND TOOLS,172.27,172.27,Milwaukee,,Tools,,Power Tool Batteries
1176354,777726,1002620879,12 in. 9-Compartment Waterproof Storage Bin Small Parts Organizer,THD2015-03,18,HARDWARE AND TOOLS,9.51,171.18,Husky,,Tools,,Small Parts Organizers
1176354,777726,1003986541,40V Lithium-Ion 4.0 Ah Battery,OP4040A1,1,HARDWARE AND TOOLS,170.59,170.59,RYOBI,,Outdoors,,Outdoor Power Replacement Parts
1176354,778005,929602,RIDGID 16 GAL DETACH BLOWER W/D VAC,WD1680,1,HARDWARE AND TOOLS,167.8,167.8,,,,,
1176354,777726,909843,KW SIG JUNO COMBO PACK-SATIN NICKEL (Please be advised that sets may be missing pieces or otherwise incomplete.),991J 15 SMTCPK4,3,HARDWARE AND TOOLS,55.43,166.29,,,,,
1176354,778005,640064,BW NAUTICA X TOBIN HSET SATIN NICKEL,91800-004,1,HARDWARE AND TOOLS,165.97,165.97,,,,,
1176354,778005,380812,MKE M12 CORDLESS CAULK GUN BARE TOOL,2441-20,1,HARDWARE AND TOOLS,165.83,165.83,,,,,
1176354,777726,439571,RIDGID 4.5 GAL PRO PACK W/D VAC,WD4522,1,HARDWARE AND TOOLS,164.84,164.84,,,,,
1176354,777726,1004426598,26 in. W x 12 in. D Standard Duty 4-Drawer Top Tool Chest in Gloss Black,HKST98065BK,1,HARDWARE AND TOOLS,164.09,164.09,Husky,,Tools,,Tool Chests
1176354,778005,1002334719,18-Volt LXT Lithium-Ion High Capacity Battery Pack 5.0Ah with Fuel Gauge,BL1850B,1,HARDWARE AND TOOLS,163.76,163.76,Makita,,Outdoors,,Outdoor Power Replacement Parts
1176354,778005,492653,BW ARCH SGL CYL DBOLT VEN BRNZ,93800-006,4,HARDWARE AND TOOLS,40.49,161.96,,,,,
1176354,778005,1000015013,12 Amp 1-1/8 in. Stroke SAWZALL Reciprocating Saw,6519-30,1,HARDWARE AND TOOLS,159.39,159.39,Milwaukee,,Tools,,Saws
1176354,777726,1004593831,San Clemente Matte Black Single Cylinder Low Profile Door Handleset with Halifax Handle Featuring SmartKey Security,98180-020,1,HARDWARE AND TOOLS,158.41,158.41,Kwikset,,Hardware,,Entry Door Handlesets
1176354,777726,1002630600,1000-Watt Portable Car Power Inverter with Triple USB Ports,DXAEPI1000,1,HARDWARE AND TOOLS,157.75,157.75,DEWALT,,Automotive,,Car Power Inverters
1176354,778005,1002233252,1400 Peak Amp Portable Car Jump Starter with Digital Compressor,DXAEJ14,1,HARDWARE AND TOOLS,157.36,157.36,DEWALT,,Automotive,,Jump Starters
1176354,777726,1002233252,1400 Peak Amp Portable Car Jump Starter with Digital Compressor,DXAEJ14,1,HARDWARE AND TOOLS,157.36,157.36,DEWALT,,Automotive,,Jump Starters
1176354,777726,1002624841,San Clemente Low Profile Satin Nickel Single Cylinder Entry Door Handleset w/ Halifax Door Handle feat SmartKey Security,98180-002,1,HARDWARE AND TOOLS,154.45,154.45,Kwikset,,Hardware,Door Hardware,Entry Door Handlesets
1176354,778005,1006023029,ONE+ 18V Lithium-Ion 4.0 Ah Battery (2-Pack) and Charger Kit (Please be advised that sets may be missing pieces or otherwise incomplete.),PSK006,1,HARDWARE AND TOOLS,152.17,152.17,RYOBI,,Outdoors,,Outdoor Power Replacement Parts
1176354,777726,733594,"""RDG 3"""" X 18"""" BELT SANDER""",R2740,1,HARDWARE AND TOOLS,151.86,151.86,,,,,
1176354,777726,1005824555,ONE+ HP 18V Brushless 13 in. Cordless Battery String Trimmer (Tool Only),P20102BTLVNM,1,HARDWARE AND TOOLS,150.56,150.56,RYOBI,,Outdoors,,Trimmers
1176354,777726,754825,KS SIG HAWTHORN X JUNO HSET VEN BRNZ,800HEJ11PSMTCP,1,HARDWARE AND TOOLS,150.42,150.42,,,,,
1176354,777726,1003425899,18 in. 41 Pocket Heavy Duty Large Mouth Tool Bag with Tool Wall,67127-02,2,HARDWARE AND TOOLS,75.14,150.28,Husky,,Tools,,Tool Bags
1176354,777726,1006883262,"""HUSKY 235PC MECH SET 1/4,3/8,"" (Please be advised that sets may be missing pieces or otherwise incomplete.)",H235MTSCHEST,1,HARDWARE AND TOOLS,149.34,149.34,Husky,,Tools,,Hand Tool Sets
1176354,777726,1001723442,"Class 3 5000 lb. ""X"" Mount Security Kit with 2 in. Ball, 5/8 in. Locking Pin, 3-1/4 in. Drop x 2 in. Rise Ball Mount",709,3,HARDWARE AND TOOLS,49.77,149.31,TowSmart,,Automotive,,Hitches
1176354,777726,1006065610,4 ft. Solid Wood Top Workbench in Black,90352,1,HARDWARE AND TOOLS,147.9,147.9,Husky,,Storage & Organization,,Workbenches
1176354,777726,1005440264,ONE+ 18V 18 in. Cordless Battery Hedge Trimmer with 1.5 Ah Battery and Charger,P2670,1,HARDWARE AND TOOLS,146.76,146.76,RYOBI,,Outdoors,,Trimmers
1176354,778005,739922,KS SIG MONTARA JUNO HSET SATIN NICK,95530-018,1,HARDWARE AND TOOLS,145.35,145.35,,,,,
1176354,777726,1001536209,Montara Venetian Bronze Single Cylinder Door Handleset with Juno Entry Door Knob Featuring SmartKey Security,95530-019,1,HARDWARE AND TOOLS,145.35,145.35,Kwikset,,Hardware,,Entry Door Handlesets
1176354,778005,733780,KS SIG SHLBRN X TUSTIN HSET STN NICK,800SETNL15SMTCP,1,HARDWARE AND TOOLS,144.72,144.72,,,,,
1176354,778005,1004718224,25 ft. x 1-5/16 in. Gen II STUD Magnetic Tape Measure with 17 ft. Reach,48-22-9725M,4,HARDWARE AND TOOLS,35.88,143.52,Milwaukee,,Tools,,Measuring Tools
1176354,778005,1000532494,Plastic Freestanding Garage Cabinet in Gray (27 in. W x 68 in. H x 15 in. D),17183701,1,HARDWARE AND TOOLS,141.27,141.27,HDX,,Storage & Organization,,Garage Cabinets
1176354,777726,446334,RYB MITER SAW STAND,A18MS01,1,HARDWARE AND TOOLS,140.64,140.64,,,,,
1176354,777726,1004483095,SmartCode 913 Contemporary Matte Black Single Cylinder Keypad Electronic Deadbolt Featuring SmartKey Security,99130-011,1,HARDWARE AND TOOLS,136.81,136.81,Kwikset,,Hardware,,Door Locks
1176354,778005,1001536212,SmartCode 913 Venetian Bronze Single Cylinder Keypad Electronic Deadbolt Featuring SmartKey Security,99130-003,1,HARDWARE AND TOOLS,136.16,136.16,Kwikset,,Hardware,,Door Locks
1176354,778005,1000045230,7 in. 4.8 Amp Tabletop Tile Saw,WS722,1,HARDWARE AND TOOLS,135.41,135.41,RYOBI,,Flooring,,Flooring Tools
1176354,778005,1003097315,800 ft./lbs. 1/2 in. Impact Wrench,H4480,1,HARDWARE AND TOOLS,133.99,133.99,Husky,,Tools,,Air Tools
1176354,777726,1003097315,800 ft./lbs. 1/2 in. Impact Wrench,H4480,1,HARDWARE AND TOOLS,133.99,133.99,Husky,,Tools,,Air Tools
1176354,777726,1002591166,33 in. Folding Portable Workbench,DWST11556,1,HARDWARE AND TOOLS,130.34,130.34,DEWALT,,Tools,,Saw Horses
1176354,777726,960446,KS SIG JUNO ENTRY VEN BRONZE,740J 11PSMTCPK4,4,HARDWARE AND TOOLS,32.31,129.24,,,,,
1176354,778005,637107,"""HUSKY 11PC 1/2"""" DRV SAE DEEP IMP SET"" (Please be advised that sets may be missing pieces or otherwise incomplete.)",H2DSAEI11PCSR,4,HARDWARE AND TOOLS,32.24,128.96,,,,,
1176354,777726,1005055008,74 Qt. WeatherPro Heavy Duty Tote in Black (4-Pack) (Please be advised that sets may be missing pieces or otherwise incomplete.),588781,1,HARDWARE AND TOOLS,125.57,125.57,IRIS,,Storage & Organization,,Storage Bins
1176354,777726,1002625829,Balboa 690 Venetian Bronze Keyed Entry Door Handle and Single Cylinder Deadbolt Combo Pack (Please be advised that sets may be missing pieces or otherwise incomplete.),96900-365,3,HARDWARE AND TOOLS,41.78,125.34,Kwikset,,Hardware,,Door Locks
1176354,778005,1004280253,"""HUSKY 149PC MECH SET 1/4,3/8,1/2"""""" (Please be advised that sets may be missing pieces or otherwise incomplete.)",H149MTS,1,HARDWARE AND TOOLS,123.42,123.42,Husky,,Tools,,Hand Tool Sets
1176354,777726,1005530977,30 Amp Automotive Portable Car Battery Charger with 80 Amp Engine Start and Alternator Check,DXAEC801B,1,HARDWARE AND TOOLS,122.77,122.77,DEWALT,,Automotive,,Car Battery Chargers
1176354,778005,1006263015,"16 Gal. 5.0-Peak HP NXT Wet/Dry Shop Vacuum with Filter, Hose and Accessories",HD1640,1,HARDWARE AND TOOLS,122.6,122.6,RIDGID,,Tools,,Wet & Dry Vacuums
1176354,777726,793334,HVLP GRAVITY FEED SPRAY GUN KIT,HDK00600SG,1,HARDWARE AND TOOLS,117.63,117.63,,,,,
1176354,777726,911087,KS SIG JUNO CMB PCK VEN BRONZE,991J11PSMTCPK4,2,HARDWARE AND TOOLS,58.73,117.46,,,,,
1176354,778005,441040,WHITE PATIO DOOR HANDLE CLAM LATCH,C 1223,4,HARDWARE AND TOOLS,29.19,116.76,,,,,
1176354,778005,762034,SIPHON FEED SPRAY GUN,H4930SSG,2,HARDWARE AND TOOLS,58.17,116.34,,,,,
1176354,777726,1002093658,"Oasis 360 Black, Large, Steel, Locking Parcel Mailbox with 2-Access Doors",6300B-10,1,HARDWARE AND TOOLS,115.68,115.68,Architectural Mailboxes,,Hardware,,Residential Mailboxes
1176354,778005,138056,KS SIG CHELSEA X JUNO HSET SATN NICK,8.83351E+11,1,HARDWARE AND TOOLS,114.94,114.94,,,,,
1176354,777726,138056,KS SIG CHELSEA X JUNO HSET SATN NICK,8.83351E+11,1,HARDWARE AND TOOLS,114.94,114.94,,,,,
1176354,778005,1004714732,35 ft. x 1-5/16 in. Wide Blade Tape Measure with 17 ft. Reach,48-22-0235,3,HARDWARE AND TOOLS,38.12,114.36,Milwaukee,,Tools,,Measuring Tools
1176354,778005,652518,KS SEC COVE ENTRY VEN BRONZE,400CV 11P CP K6,5,HARDWARE AND TOOLS,22.47,112.35,,,,,
1176354,777726,684138,KS SIG SMARTCODE DBLT 909 SN,909 15 SMT CP,1,HARDWARE AND TOOLS,110.88,110.88,,,,,
1176354,777726,724955,KS SIG ARLGTON X LIDO HSET ANT BRASS,800ANLL 5 SMTCP,1,HARDWARE AND TOOLS,109.68,109.68,,,,,
1176354,777726,660115,KS SIG JUNO COMBO PACK ANT BRASS (Please be advised that sets may be missing pieces or otherwise incomplete.),991J 5 SMTCP K4,2,HARDWARE AND TOOLS,54.78,109.56,,,,,
1176354,777726,1004691332,30 Gal. Storage Tote in Ink,2130-4415707,6,HARDWARE AND TOOLS,17.95,107.7,HDX,,Storage & Organization,,Storage Bins
1176354,778005,1005875808,KREG POCKET HOLE JIG 520PRO,KPHJ520PRO,1,HARDWARE AND TOOLS,104.65,104.65,Kreg,,Tools,,Cutting Tools
1176354,778005,1004403661,"2.5 Gal. 1.75-Peak HP Compact Wet/Dry Shop Vacuum with Filter Bag, Hose and Accessories",HD2025,2,HARDWARE AND TOOLS,51,102,Stinger,,Tools,,Wet & Dry Vacuums
1176354,778005,425133,KS SEC TYLO DBL CYL COMBO ANT BRASS,695T 5 CP K6,3,HARDWARE AND TOOLS,33.78,101.34,,,,,
1176354,778005,1003425903,"""HUSKY 18"""" TOTAL TECH BAG""",67130-02,1,HARDWARE AND TOOLS,99.32,99.32,Husky,,Tools,,Tool Bags
1176354,777726,1004384256,5 SHELF CHROMEMAX WIRE UNIT 48X18X72,HD184872-5ICPS,1,HARDWARE AND TOOLS,98.87,98.87,,,,,
1176354,777726,1004714742,35 ft. x 1-1/16 in. Compact Magnetic Tape Measure with 15 ft. Reach,48-22-0335,3,HARDWARE AND TOOLS,32.54,97.62,Milwaukee,,Tools,,Measuring Tools
1176354,777726,762096,GRAVITY FEED COMP HVLP SPRAY GUN,H4850GHVSG,1,HARDWARE AND TOOLS,97.12,97.12,,,,,
1176354,777726,1005567176,KREG CROSSCUT STATION,KMA4100,2,HARDWARE AND TOOLS,48.3,96.6,Kreg,,Tools,,Saw Accessories
1176354,777726,683682,"""6"""" LOW VIBRATION PALM SANDER""",H4830,1,HARDWARE AND TOOLS,95.42,95.42,,,,,
1176354,777726,749990,LOW PROFILE SLIDING DR HANDLE- BLK,C 1007,4,HARDWARE AND TOOLS,23.69,94.76,,,,,
1176354,777726,735854,KS SIG TUSTIN ENTRY SATIN NICKEL,740TNL15SMTCPK4,2,HARDWARE AND TOOLS,47.03,94.06,,,,,
1176354,778005,1000051855,HUSKY 20PC SAE/MM COMBO RTCHT WRNCH (Please be advised that sets may be missing pieces or otherwise incomplete.),HRW20PCSM,1,HARDWARE AND TOOLS,90.82,90.82,,,,,
1176354,778005,1005005385,144-Tooth Mechanics Tool Set (75-Piece) (Please be advised that sets may be missing pieces or otherwise incomplete.),H14475MTS,1,HARDWARE AND TOOLS,90.52,90.52,Husky,,Tools,,Hand Tool Sets
1176354,777726,567477,KS SEC DBL CYL DBOLT ANT BRASS,665 5 CP K6,4,HARDWARE AND TOOLS,22.25,89,,,,,
1176354,778005,1005993465,"1000 Peak Amp Jump Starter, Dual USB, Rechargeable",SS6LV,1,HARDWARE AND TOOLS,88.55,88.55,Vector,,Automotive,,Jump Starters
1176354,778005,1003224757,26 in. Star Max Tile Cutter,14967,1,HARDWARE AND TOOLS,88.37,88.37,Rubi,,Flooring,,Flooring Tools
1176354,778005,1005923013,1/2 in. Drive Mechanics Tool Set (52-Piece) (Please be advised that sets may be missing pieces or otherwise incomplete.),H52MTS2D,1,HARDWARE AND TOOLS,87.98,87.98,Husky,,Tools,,Hand Tool Sets
1176354,777726,1005923013,1/2 in. Drive Mechanics Tool Set (52-Piece) (Please be advised that sets may be missing pieces or otherwise incomplete.),H52MTS2D,1,HARDWARE AND TOOLS,87.98,87.98,Husky,,Tools,,Hand Tool Sets
1176354,778005,568120,KS SEC TYLO DBL CYL CMB POL BRASS,695T 3 CP K6,3,HARDWARE AND TOOLS,29.3,87.9,,,,,
1176354,777726,1004096118,8 Amp Corded 3/8 in. Pistol Grip Drill,DWD110K,1,HARDWARE AND TOOLS,87.35,87.35,DEWALT,,Tools,,Drills
1176354,778005,1002697046,48 in. Accu-Cut Aluminum Circular Saw Track,KMA2700,1,HARDWARE AND TOOLS,86.94,86.94,Kreg,,Tools,,Saw Tracks
1176354,778005,1003211355,3/8 in. High Performance Air Regulator,HDA72200,2,HARDWARE AND TOOLS,43.43,86.86,Husky,,Tools,,Air Compressor Parts & Accessories
1176354,777726,958301,KS SIG JUNO ENTRY SATIN NICKEL,740J 15SMT CPK4,3,HARDWARE AND TOOLS,28.73,86.19,,,,,
1176354,778005,1003097323,650 ft./lbs. 1/2 in. Impact Wrench,H4455,1,HARDWARE AND TOOLS,84.13,84.13,Husky,,Tools,,Air Tools
1176354,777726,1004714738,25 ft. x 1-5/16 in. Wide Blade Tape Measure with 17 ft. Reach,48-22-0225,3,HARDWARE AND TOOLS,27.8,83.4,Milwaukee,,Tools,,Measuring Tools
1176354,778005,1006562804,Schumacher Pro Automotive 12-Volt 750 Peak Amp Jump Starter and Portable Power Station with 150-PSI Air Compressor,SPR1630,1,HARDWARE AND TOOLS,83.12,83.12,Schumacher Electric,,Automotive,,Jump Starters
1176354,777726,1006562804,Schumacher Pro Automotive 12-Volt 750 Peak Amp Jump Starter and Portable Power Station with 150-PSI Air Compressor,SPR1630,1,HARDWARE AND TOOLS,83.12,83.12,Schumacher Electric,,Automotive,,Jump Starters
1176354,778005,1001213570,6 in. Face Clamp with Automaxx Auto-Adjust Technology,KHC-1420,2,HARDWARE AND TOOLS,41.3,82.6,Kreg,,Tools,Hand Tools,Fastening Tools
1176354,777726,1002275142,140-Watt Portable Car Power Inverter with Dual USB Ports,DXAEP140,2,HARDWARE AND TOOLS,41.08,82.16,DEWALT,,Automotive,,Car Power Inverters
1176354,778005,1001857492,SPEEDOUT TITANIUM EXTRACTOR SET 4PC (Please be advised that sets may be missing pieces or otherwise incomplete.),1000367,6,HARDWARE AND TOOLS,13.69,82.14,,,,,
1176354,778005,183622,KS SEC BELLEVIEW X COVE HSET VEN BRN,687BWXCV 11P SM,1,HARDWARE AND TOOLS,82.12,82.12,,,,,
1176354,777726,183622,KS SEC BELLEVIEW X COVE HSET VEN BRN,687BWXCV 11P SM,1,HARDWARE AND TOOLS,82.12,82.12,,,,,
1176354,778005,734722,KS SIG TUSTIN CMB PCK VEN BRONZE,991TNL11PSMTCPK,1,HARDWARE AND TOOLS,82.01,82.01,,,,,
1176354,777726,734722,KS SIG TUSTIN CMB PCK VEN BRONZE,991TNL11PSMTCPK,1,HARDWARE AND TOOLS,82.01,82.01,,,,,
1176354,777726,1000117619,"1-3/4 in. x 16-Gauge Electrogalvanized N Style Medium Crown Staples (10,000-Per Box)",GRN19,1,HARDWARE AND TOOLS,80.63,80.63,Grip-Rite,,Tools,,Fastening Tools
1176354,778005,1002093796,"MB1 Black, Medium, Steel, Post Mount Mailbox and 2 in. In-Ground Post Kit",7680B-10,2,HARDWARE AND TOOLS,39.72,79.44,Architectural Mailboxes,,Hardware,,Residential Mailboxes
1176354,778005,632910,KS SEC DELTA HALL/CLOS SATIN CHROM,200DL26DCPKSP,4,HARDWARE AND TOOLS,19.78,79.12,,,,,
1176354,777726,301971,BUCKET HEAD WET/DRY VAC,BH0100,2,HARDWARE AND TOOLS,39.24,78.48,,,,,
1176354,778005,1004710607,KW LP RND DEADBOTL MATTE BLACK,92580-020,2,HARDWARE AND TOOLS,38.86,77.72,,,,,
1176354,777726,1004714732,35 ft. x 1-5/16 in. Wide Blade Tape Measure with 17 ft. Reach,48-22-0235,2,HARDWARE AND TOOLS,38.12,76.24,Milwaukee,,Tools,,Measuring Tools
1176354,778005,564464,"""HUSKY TRQ WRNCH 1/2"""" DR 50-250 FT LB""",H2DTW,1,HARDWARE AND TOOLS,75.35,75.35,,,,,
1176354,778005,629985,"""1-1/2 """" STEEL TANDEM GLASS DOOR ROLL""",D 1754,7,HARDWARE AND TOOLS,10.56,73.92,,,,,
1176354,778005,1004543113,D&D Series 3 Child Safety Gate Pool Latch,50600,1,HARDWARE AND TOOLS,72.97,72.97,Magna-Latch,,Lumber & Composites,,Fencing Gate Parts
1176354,778005,323298,KS SEC POWERBOLT KEYLESS DB VB,907 11P CP PWRB,1,HARDWARE AND TOOLS,72.8,72.8,,,,,
1176354,777726,1001058171,Powerbolt2 Satin Nickel Single Cylinder Keypad Electronic Deadbolt Featuring SmartKey Security,99070-101,1,HARDWARE AND TOOLS,72.8,72.8,Kwikset,,Hardware,,Door Locks
1176354,777726,269900,HUSKY 3-DRAWER PORTABLE TOOL CHEST,'TB-303B,1,HARDWARE AND TOOLS,72.79,72.79,,,,,
1176354,777726,269900,HUSKY 3-DRAWER PORTABLE TOOL CHEST,'TB-303B,1,HARDWARE AND TOOLS,71.19,71.19,,,,,
1176354,777726,1006387527,Halifax Square Matte Black Hall/Closet Passage Door Lever,97200-906,2,HARDWARE AND TOOLS,35.5,71,Kwikset,,Hardware,,Door Handles
1176354,777726,1000029809,SAE Quad Drive Ratcheting Wrench Set (2-Piece) (Please be advised that sets may be missing pieces or otherwise incomplete.),HQRRW2PCSAE,3,HARDWARE AND TOOLS,23.63,70.89,Husky,,Tools,,Hand Tool Sets
1176354,777726,1006295211,Professional 2 Amp Automotive Battery Charger and Maintainer,DXAEC2,2,HARDWARE AND TOOLS,35.42,70.84,DEWALT,,Automotive,,Car Battery Chargers
1176354,778005,411933,WHITE PATIO DOOR HANDLE SET (Please be advised that sets may be missing pieces or otherwise incomplete.),C 1280,2,HARDWARE AND TOOLS,35.22,70.44,,,,,
1176354,777726,411933,WHITE PATIO DOOR HANDLE SET (Please be advised that sets may be missing pieces or otherwise incomplete.),C 1280,2,HARDWARE AND TOOLS,35.22,70.44,,,,,
1176354,778005,1005519890,15 Amp Automatic 12V Battery Charger with 50 Amp Engine Start and Alternator Check,BC15BV,1,HARDWARE AND TOOLS,69.76,69.76,Vector,,Automotive,,Car Battery Chargers
1176354,777726,1004323068,13 in. W Magnetic 3/8 in. and 1/2 in. Drive Deep Socket Tray,HM12DSCKTRY,3,HARDWARE AND TOOLS,23,69,Husky,,Tools,,Tool Storage Accessories
1176354,777726,1004575797,"1.5 Amp Battery Charger, Battery Maintainer, Trickle Charger, 6V and 12V, Fully Automatic",BM315V,3,HARDWARE AND TOOLS,22.9,68.7,Vector,,Automotive,,Car Battery Chargers
1176354,777726,1001857492,SPEEDOUT TITANIUM EXTRACTOR SET 4PC (Please be advised that sets may be missing pieces or otherwise incomplete.),1000367,5,HARDWARE AND TOOLS,13.69,68.45,,,,,
1176354,777726,1004691322,20 Gal. Storage Tote in Ink,2120-4415708,6,HARDWARE AND TOOLS,11.37,68.22,HDX,,Storage & Organization,,Storage Bins
1176354,778005,1001492049,GearTrack Channel Garage Hook Kit (8-Hooks),GAGPUB2PPY,1,HARDWARE AND TOOLS,68.01,68.01,Gladiator,,Storage & Organization,,Garage Wall Organization
1176354,777726,425133,KS SEC TYLO DBL CYL COMBO ANT BRASS,695T 5 CP K6,2,HARDWARE AND TOOLS,33.78,67.56,,,,,
1176354,777726,652518,KS SEC COVE ENTRY VEN BRONZE,400CV 11P CP K6,3,HARDWARE AND TOOLS,22.47,67.41,,,,,
1176354,777726,222089,"""RGD 12 AMP 6-1/2"""" CIRC. SAW""",R3203,1,HARDWARE AND TOOLS,66.98,66.98,,,,,
1176354,778005,1003224537,Castle Aged Bronze Single Cylinder Electronic Keypad Deadbolt,GA7X7D01AA,1,HARDWARE AND TOOLS,66.56,66.56,Defiant,,Hardware,,Door Locks
1176354,777726,1003224537,Castle Aged Bronze Single Cylinder Electronic Keypad Deadbolt,GA7X7D01AA,1,HARDWARE AND TOOLS,66.56,66.56,Defiant,,Hardware,,Door Locks
1176354,777726,1004470505,Antique Brass Single Cylinder Deadbolt featuring SmartKey Security with Microban Antimicrobial Technology,99800-121,2,HARDWARE AND TOOLS,32.82,65.64,Kwikset,,Hardware,,Door Locks
1176354,778005,1003097312,1/4 in. Angle Die Grinder with Accessory Kit,H4230C,1,HARDWARE AND TOOLS,65.6,65.6,Husky,,Tools,,Air Tools
1176354,778005,1002338438,1/4 in. Drive 100-Position Ratchet and Universal SAE/Metric Socket Wrench Set (20-Piece) (Please be advised that sets may be missing pieces or otherwise incomplete.),H1004D20SWS,2,HARDWARE AND TOOLS,32.44,64.88,Husky,,Tools,,Hand Tool Sets
1176354,777726,1000029972,SAE / Metric Non-Slip Hex Key Set (18-Piece) (Please be advised that sets may be missing pieces or otherwise incomplete.),HNSHKSM18PC,2,HARDWARE AND TOOLS,32.41,64.82,Husky,,Tools,,Hex Keys
1176354,777726,833661,"""DIABLO 10"""" 84T LAMINATE/ALUMINUM CSB""",AD1084L,1,HARDWARE AND TOOLS,63.6,63.6,,,,,
1176354,778005,1004714733,25 ft. x 1-5/16 in. Wide Blade Magnetic Tape Measure with 17 ft. Reach,48-22-0225M,2,HARDWARE AND TOOLS,31.57,63.14,Milwaukee,,Tools,,Measuring Tools
1176354,777726,729408,KS SIG LIDO COMBO PACK POL BRASS (Please be advised that sets may be missing pieces or otherwise incomplete.),991LL3SMTCPK4,1,HARDWARE AND TOOLS,62.87,62.87,,,,,
1176354,777726,137675,KS SIG JUNO DBL CYL CMB PK SATN NICK,992J 15 SMT CP,1,HARDWARE AND TOOLS,61.47,61.47,,,,,
1176354,778005,1001402255,"Roto, Diecast, White, Patio Door Handle Set, Square Drive Center Lever (Please be advised that sets may be missing pieces or otherwise incomplete.)",C 1277,1,HARDWARE AND TOOLS,59.89,59.89,Prime-Line,,Hardware,,Sliding Door Hardware
1176354,777726,441040,WHITE PATIO DOOR HANDLE CLAM LATCH,C 1223,2,HARDWARE AND TOOLS,29.19,58.38,,,,,
1176354,778005,401454,5 SHELF BLACK WIRE UNIT 36X16X72,21656PS,1,HARDWARE AND TOOLS,57.5,57.5,,,,,
1176354,778005,958301,KS SIG JUNO ENTRY SATIN NICKEL,740J 15SMT CPK4,2,HARDWARE AND TOOLS,28.73,57.46,,,,,
1176354,778005,625319,"""HUSKY TORQUE WRENCH, 1/4""""""",H4DTW,1,HARDWARE AND TOOLS,57.4,57.4,,,,,
1176354,777726,625319,"""HUSKY TORQUE WRENCH, 1/4""""""",H4DTW,1,HARDWARE AND TOOLS,57.4,57.4,,,,,
1176354,778005,1006402648,PRO CLASS HEAVY-DUTY COUPLER LOCK,9006,2,HARDWARE AND TOOLS,28.29,56.58,TowSmart,,Automotive,,Hitches
1176354,778005,1004547931,All-In-One FastTrack Garage Storage Rail System Tool Kit (7-Piece) (Please be advised that sets may be missing pieces or otherwise incomplete.),2087482,1,HARDWARE AND TOOLS,56.43,56.43,Rubbermaid,,Storage & Organization,,Garage Wall Organization
1176354,778005,1006387529,Halifax Square Matte Black Keyed Entry Door Handle Featuring SmartKey Security,97402-920,1,HARDWARE AND TOOLS,55.78,55.78,Kwikset,,Hardware,,Door Handles
1176354,777726,1006387529,Halifax Square Matte Black Keyed Entry Door Handle Featuring SmartKey Security,97402-920,1,HARDWARE AND TOOLS,55.78,55.78,Kwikset,,Hardware,,Door Handles
1176354,777726,425125,KS SEC TYLO SGL CYL COMBO ANT BRASS,690T 5 CP K6,2,HARDWARE AND TOOLS,27.78,55.56,,,,,
1176354,778005,909843,KW SIG JUNO COMBO PACK-SATIN NICKEL (Please be advised that sets may be missing pieces or otherwise incomplete.),991J 15 SMTCPK4,1,HARDWARE AND TOOLS,55.43,55.43,,,,,
1176354,778005,1001392551,Castle Satin Nickel Electronic Keypad Deadbolt,G7X2D01AA,1,HARDWARE AND TOOLS,54.85,54.85,Defiant,,Hardware,,Door Locks
1176354,777726,1001392551,Castle Satin Nickel Electronic Keypad Deadbolt,G7X2D01AA,1,HARDWARE AND TOOLS,54.85,54.85,Defiant,,Hardware,,Door Locks
1176354,778005,660115,KS SIG JUNO COMBO PACK ANT BRASS (Please be advised that sets may be missing pieces or otherwise incomplete.),991J 5 SMTCP K4,1,HARDWARE AND TOOLS,54.78,54.78,,,,,
1176354,778005,1003241090,OSHA Compatible Kit with HEPA Level Filtration and Cyclonic Dust Bags for Select 12 -16 Gal. Wet/Dry Shop Vacuums,VF6500,1,HARDWARE AND TOOLS,53.66,53.66,RIDGID,,Tools,,Shop Vacuum Attachments
1176354,778005,1003184677,25 ft. Compact Auto Lock Tape Measure,48-22-6825,3,HARDWARE AND TOOLS,17.85,53.55,Milwaukee,,Tools,,Measuring Tools
1176354,778005,1000022427,70QT ULTRA LATCH STORAGE BOX,19888648,3,HARDWARE AND TOOLS,17.85,53.55,Sterilite,,Storage & Organization,,Storage Bins
1176354,777726,762051,GRAVITY FEED HVLP SPRAY GUN,H4840GHVSG,1,HARDWARE AND TOOLS,53.09,53.09,,,,,
1176354,778005,388931,KS SEC TYLO SGL CYL COMBO SC,690T 26D CP K6,2,HARDWARE AND TOOLS,26.5,53,,,,,
1176354,777726,388931,KS SEC TYLO SGL CYL COMBO SC,690T 26D CP K6,2,HARDWARE AND TOOLS,26.5,53,,,,,
1176354,777726,277597,20'X30' HVY DTY SILVER/BROWN TARP,TPC2030,1,HARDWARE AND TOOLS,52.84,52.84,,,,,
1176354,777726,1002246016,MKE 25FT COMPACT TAPE MEASURE,48-22-6625,3,HARDWARE AND TOOLS,17.35,52.05,Milwaukee,,Tools,,Measuring Tools
1176354,777726,459955,RIDGID CAR CLEANING KIT,VT2534,1,HARDWARE AND TOOLS,51.81,51.81,,,,,
1176354,778005,190021,3M M3000 HANDMASKER,M3000,1,HARDWARE AND TOOLS,51.37,51.37,,,,,
1176354,778005,1000014769,ESTWING 19 OZ ULTRA HAMMER,19 OZ ULTRA HAM,1,HARDWARE AND TOOLS,51.37,51.37,Estwing,,Tools,,Hammers
1176354,777726,1004403661,"2.5 Gal. 1.75-Peak HP Compact Wet/Dry Shop Vacuum with Filter Bag, Hose and Accessories",HD2025,1,HARDWARE AND TOOLS,51,51,Stinger,,Tools,,Wet & Dry Vacuums
1176354,778005,934028,KS SIG JUNO ENTRY POL BRASS,740J 3SMT CP K4,2,HARDWARE AND TOOLS,25.3,50.6,,,,,
1176354,778005,1005519889,"500 Watt Power Inverter, Dual Power Inverter, Two USB Charging Ports",PI500V,1,HARDWARE AND TOOLS,50.47,50.47,Vector,,Automotive,,Car Power Inverters
1176354,777726,1005519889,"500 Watt Power Inverter, Dual Power Inverter, Two USB Charging Ports",PI500V,1,HARDWARE AND TOOLS,50.47,50.47,Vector,,Automotive,,Car Power Inverters
1176354,777726,1000050906,2.6 Amp Corded 5 in. Random Orbital Sander,RS290G,1,HARDWARE AND TOOLS,50.16,50.16,RYOBI,,Tools,,Sanders
1176354,778005,115151,KS SECURITY SGL CYL DBOLT SATN CHRM,660 26D CP K6,3,HARDWARE AND TOOLS,16.55,49.65,,,,,
1176354,778005,1006386054,ONE+ 18V 120-Watt 12V Automotive Power Inverter with Dual USB Ports,RYI120AVNM,1,HARDWARE AND TOOLS,49.11,49.11,RYOBI,,Automotive,,Car Power Inverters
1176354,778005,907400,KS SIG JUNO COMBO PACK POL BRASS (Please be advised that sets may be missing pieces or otherwise incomplete.),991J 3 SMTCPK4,1,HARDWARE AND TOOLS,48.58,48.58,,,,,
1176354,778005,246568,HUSKY TAPE MEASURE POUCH,82969-1N11,6,HARDWARE AND TOOLS,8.06,48.36,,,,,
1176354,778005,1002620879,12 in. 9-Compartment Waterproof Storage Bin Small Parts Organizer,THD2015-03,5,HARDWARE AND TOOLS,9.51,47.55,Husky,,Tools,,Small Parts Organizers
1176354,778005,716324,WM-A SARATOGA LOCKING MLBX WHITE,2550W-10,1,HARDWARE AND TOOLS,47.05,47.05,,,,,
1176354,778005,735854,KS SIG TUSTIN ENTRY SATIN NICKEL,740TNL15SMTCPK4,1,HARDWARE AND TOOLS,47.03,47.03,,,,,
1176354,777726,873546,GRAB'N GO EMERGENCY BACKPACK 2 PER,70280,1,HARDWARE AND TOOLS,46.91,46.91,,,,,
1176354,778005,574037,KS SEC BALBOA SGL CYL CMB SATIN NICK,690BL 15 CP K6,1,HARDWARE AND TOOLS,45.89,45.89,,,,,
1176354,777726,574037,KS SEC BALBOA SGL CYL CMB SATIN NICK,690BL 15 CP K6,1,HARDWARE AND TOOLS,45.89,45.89,,,,,
1176354,777726,1005411795,High Performance EZ Lock Diamond Wheel,EZ545HP,2,HARDWARE AND TOOLS,22.88,45.76,Dremel,,Paint,,"Sandpaper, Patching & Repair"
1176354,777726,1003459963,5-Tier Plastic Garage Storage Shelving Unit in Black (36 in. W x 74 in. H x 18 in. D),241592,1,HARDWARE AND TOOLS,45.01,45.01,HDX,,Storage & Organization,,Freestanding Shelving Units
1176354,777726,1004714737,25 ft. x 1-1/16 in. Compact Magnetic Tape Measure with 15 ft. Reach,48-22-0325,2,HARDWARE AND TOOLS,22.23,44.46,Milwaukee,,Tools,,Measuring Tools
1176354,777726,1001023340,Delta Satin Chrome Exterior Combo Pack Door Knob Featuring SmartKey Security (Please be advised that sets may be missing pieces or otherwise incomplete.),96900-371,1,HARDWARE AND TOOLS,42.8,42.8,Kwikset,,Hardware,,Door Locks
1176354,778005,1000004778,KidAlert Visual Warning Signal,787604,1,HARDWARE AND TOOLS,42.73,42.73,Step2,,Hardware,,Stock Signs
1176354,778005,115165,KS SECURITY DBL CYL DBOLT SATN CHRM,665 26D CP K6,2,HARDWARE AND TOOLS,21.28,42.56,,,,,
1176354,778005,1002625829,Balboa 690 Venetian Bronze Keyed Entry Door Handle and Single Cylinder Deadbolt Combo Pack (Please be advised that sets may be missing pieces or otherwise incomplete.),96900-365,1,HARDWARE AND TOOLS,41.78,41.78,Kwikset,,Hardware,,Door Locks
1176354,778005,1002094294,"Roxbury Rubbed Bronze, Large, Steel, Post Mount Mailbox with Premium Cast Aluminum Knob and Champagne Flag",7900-5RZ-CG-10,1,HARDWARE AND TOOLS,41.64,41.64,Architectural Mailboxes,,Hardware,,Residential Mailboxes
1176354,778005,882100,KS SEC TYLO ENTRY ANT BRASS,400T 5 CP K6,3,HARDWARE AND TOOLS,13.78,41.34,,,,,
1176354,778005,1005188954,Prestige Spyglass Matte Black Square Single Cylinder Deadbolt Featuring SmartKey Security,93800-018,1,HARDWARE AND TOOLS,41.24,41.24,Baldwin,,Hardware,,Door Locks
1176354,778005,1001277850,Paraframe I 3 in. Stainless Steel Folding Knife,31-003098HDN,2,HARDWARE AND TOOLS,20.61,41.22,Gerber,,Tools,,Knives & Blades
1176354,778005,1002275142,140-Watt Portable Car Power Inverter with Dual USB Ports,DXAEP140,1,HARDWARE AND TOOLS,41.08,41.08,DEWALT,,Automotive,,Car Power Inverters
1176354,777726,1004654903,2-1/2 in. x 7 ft. Dual-Flex Tug-A-Long Locking Vacuum Hose for RIDGID Wet/Dry Shop Vacuums,LA2520,2,HARDWARE AND TOOLS,20.4,40.8,RIDGID,,Tools,,Shop Vacuum Attachments
1176354,777726,1005748857,28.4 IN. STEEL FOLDING SAWHORSE,SH106C,2,HARDWARE AND TOOLS,20.38,40.76,,,,,
1176354,777726,1006562803,Schumacher Pro Automotive 6-Volt/12-Volt 8-Amp/2-Amp Battery Charger and Maintainer with Auto Voltage Detection,SPR1628,1,HARDWARE AND TOOLS,40.6,40.6,Schumacher Electric,,Automotive,,Car Battery Chargers
1176354,778005,1001401408,WHT DECORATIVE PATIO DOOR HANDLE SET (Please be advised that sets may be missing pieces or otherwise incomplete.),C 1178,1,HARDWARE AND TOOLS,40.11,40.11,Prime-Line,,Hardware,,Sliding Door Hardware
1176354,777726,1006207771,BRANDYWINE WHOLE HOUSE PACK SS,32B86HOUSEPACK,1,HARDWARE AND TOOLS,39.49,39.49,,,,,
1176354,778005,1003318810,G450 1400 Lumen LED Flashlight with Twist Focus,21864,1,HARDWARE AND TOOLS,39.45,39.45,Coast,,Tools,,Handheld Flashlights
1176354,777726,1004697097,Pismo Round Matte Black Exterior Entry Door Knob Featuring SmartKey Security with Microban Antimicrobial Technology,97402-849,1,HARDWARE AND TOOLS,39.31,39.31,Kwikset,,Hardware,,Door Knobs
1176354,778005,301971,BUCKET HEAD WET/DRY VAC,BH0100,1,HARDWARE AND TOOLS,39.24,39.24,,,,,
1176354,778005,1002167166,Adjustable Wrench Set (2-Pack) (Please be advised that sets may be missing pieces or otherwise incomplete.),DWHT75497,2,HARDWARE AND TOOLS,19.46,38.92,DEWALT,,Tools,,Hand Tool Sets
1176354,778005,1004470512,Downtown Low Profile Satin Nickel Square Single Cylinder Contemporary Deadbolt featuring SmartKey Security,92580-018,1,HARDWARE AND TOOLS,38.86,38.86,Kwikset,,Hardware,,Door Locks
1176354,778005,1004710606,KW LP SQ DEADBOLT MATTE BLACK,92580-022,1,HARDWARE AND TOOLS,38.86,38.86,,,,,
1176354,777726,1004470512,Downtown Low Profile Satin Nickel Square Single Cylinder Contemporary Deadbolt featuring SmartKey Security,92580-018,1,HARDWARE AND TOOLS,38.86,38.86,Kwikset,,Hardware,,Door Locks
1176354,777726,1004710607,KW LP RND DEADBOTL MATTE BLACK,92580-020,1,HARDWARE AND TOOLS,38.86,38.86,,,,,
1176354,777726,1004710606,KW LP SQ DEADBOLT MATTE BLACK,92580-022,1,HARDWARE AND TOOLS,38.86,38.86,,,,,
1176354,778005,1000029746,HUSKY 25PC SCREWDRIVER SET (Please be advised that sets may be missing pieces or otherwise incomplete.),20210006,1,HARDWARE AND TOOLS,38.65,38.65,,,,,
1176354,778005,1005494014,PORTABLE CROSS CUT,KMA4000,2,HARDWARE AND TOOLS,19.32,38.64,Kreg,,Tools,,Saw Accessories
1176354,777726,1006585323,Work Gear Large/X-Large Knee Sleeve,CFWGKNSLLXL,2,HARDWARE AND TOOLS,19.32,38.64,COPPER FIT,,Health And Wellness,,
1176354,777726,1002697041,24 in. Rip-Cut Aluminum Circular Saw Guide,KMA2685,1,HARDWARE AND TOOLS,38.64,38.64,Kreg,,Tools,,Saw Tracks
1176354,778005,1005923012,1/4 in. Drive Mechanics Tool Set (50-Piece) (Please be advised that sets may be missing pieces or otherwise incomplete.),H50MTS4D,1,HARDWARE AND TOOLS,38.53,38.53,Husky,,Tools,,Hand Tool Sets
1176354,777726,1005923012,1/4 in. Drive Mechanics Tool Set (50-Piece) (Please be advised that sets may be missing pieces or otherwise incomplete.),H50MTS4D,1,HARDWARE AND TOOLS,38.53,38.53,Husky,,Tools,,Hand Tool Sets
1176354,777726,738237,KS SEC TYLO ENTRY SATIN CHROME,400T 26D CP K6,3,HARDWARE AND TOOLS,12.84,38.52,,,,,
1176354,778005,1006197856,HUSKY 22PC INSERT BIT SET W/ WRENCH (Please be advised that sets may be missing pieces or otherwise incomplete.),H22PCWIBS,1,HARDWARE AND TOOLS,38.14,38.14,,,Tools,Hand Tools,Hand Tool Sets
1176354,778005,1006705914,Hard Cap Gel/Foam Stabilizer Knee Pads,1H-30512,1,HARDWARE AND TOOLS,38.04,38.04,Husky,,Safety Equipment,,
1176354,777726,1006705914,Hard Cap Gel/Foam Stabilizer Knee Pads,1H-30512,1,HARDWARE AND TOOLS,38.04,38.04,Husky,,Safety Equipment,,
1176354,777726,1006387525,Halifax Square Matte Black Privacy Bed/Bath Door Handle with Lock,97300-949,1,HARDWARE AND TOOLS,38.02,38.02,Kwikset,,Hardware,Door Hardware,Door Handles
1176354,777726,1006392358,Milan Satin Nickel Privacy Bed/Bath Door Lever,97300-899,1,HARDWARE AND TOOLS,38.02,38.02,Kwikset,,Hardware,,Door Handles
1176354,778005,1001381684,3/8 in. Drive 100-Position Ratchet and Universal SAE/Metric Socket Wrench Set (20-Piece) (Please be advised that sets may be missing pieces or otherwise incomplete.),H1003D20SWS,1,HARDWARE AND TOOLS,37.88,37.88,Husky,,Tools,,Hand Tool Sets
1176354,778005,136340,"""RIDGID 14"""" SEGMENTED DIAMOND BLADE""",HD-MP14G,1,HARDWARE AND TOOLS,37.56,37.56,,,,,
1176354,778005,762003,SIPHON FEED GEN PURPOSE SPRAY GUN,H4920SSG,1,HARDWARE AND TOOLS,37.25,37.25,,,,,
1176354,777726,637165,"""HUSKY 11PC 1/2"""" DR MM DEEP IMPCT SET"" (Please be advised that sets may be missing pieces or otherwise incomplete.)",H2DMMI11PCSR,1,HARDWARE AND TOOLS,37.11,37.11,,,,,
1176354,778005,1006705918,Soft Cap Gel/Foam Stabilizer Knee Pads,1H-30511-2,1,HARDWARE AND TOOLS,36.6,36.6,Husky,,Safety Equipment,,
1176354,777726,1005879362,High Performance Hard Shell Knee Pads,48-73-6030,1,HARDWARE AND TOOLS,36.6,36.6,Milwaukee,,Flooring,,Flooring Tools
1176354,777726,1001536198,Balboa Venetian Bronze Keyed Entry Door Lever,94050-496,1,HARDWARE AND TOOLS,36.05,36.05,Kwikset,,Hardware,,Door Handles
1176354,777726,1003097320,1/4 in. Straight Die Grinder,H4220,1,HARDWARE AND TOOLS,35.97,35.97,Husky,,Tools,,Air Tools
1176354,778005,1004470514,Venetian Bronze Single Cylinder Deadbolt featuring SmartKey Security with Microban Antimicrobial Technology,99800-122,1,HARDWARE AND TOOLS,35.95,35.95,Kwikset,,Hardware,,Door Locks
1176354,777726,1004470514,Venetian Bronze Single Cylinder Deadbolt featuring SmartKey Security with Microban Antimicrobial Technology,99800-122,1,HARDWARE AND TOOLS,35.95,35.95,Kwikset,,Hardware,,Door Locks
1176354,777726,1004718224,25 ft. x 1-5/16 in. Gen II STUD Magnetic Tape Measure with 17 ft. Reach,48-22-9725M,1,HARDWARE AND TOOLS,35.88,35.88,Milwaukee,,Tools,,Measuring Tools
1176354,778005,637331,HUSKY TAMPRPRF TORX 8PC BIT SCKT SET (Please be advised that sets may be missing pieces or otherwise incomplete.),HTPTXBS8PCSR,2,HARDWARE AND TOOLS,17.93,35.86,,,,,
1176354,777726,1003184677,25 ft. Compact Auto Lock Tape Measure,48-22-6825,2,HARDWARE AND TOOLS,17.85,35.7,Milwaukee,,Tools,,Measuring Tools
1176354,778005,795203,"""HUSKY 7PC 3/8"""" DR MM LNG BALL SCKTS"" (Please be advised that sets may be missing pieces or otherwise incomplete.)",H3DMMLBBS7PC,2,HARDWARE AND TOOLS,17.82,35.64,,,,,
1176354,778005,1006303088,Halifax Square Satin Nickel Hall/Closet Door Lever,97200-854,1,HARDWARE AND TOOLS,35.5,35.5,Kwikset,,Hardware,,Door Handles
1176354,778005,1006387527,Halifax Square Matte Black Hall/Closet Passage Door Lever,97200-906,1,HARDWARE AND TOOLS,35.5,35.5,Kwikset,,Hardware,,Door Handles
1176354,778005,1006295211,Professional 2 Amp Automotive Battery Charger and Maintainer,DXAEC2,1,HARDWARE AND TOOLS,35.42,35.42,DEWALT,,Automotive,,Car Battery Chargers
1176354,777726,1002067437,Pacifica In-Ground Steel Mailbox Post Black,7516B-10,1,HARDWARE AND TOOLS,35.35,35.35,Architectural Mailboxes,,Hardware,,Mailbox Posts & Stands
1176354,778005,1005597942,1/2 in. Drive 100-Position Chrome Locking Flex-Head Ratchet,H100C12FLRATN,1,HARDWARE AND TOOLS,35.32,35.32,Husky,,Tools,,Ratchets & Sockets
1176354,778005,1004470511,Satin Nickel Single Cylinder Deadbolt featuring SmartKey Security with Microban Antimicrobial Technology,99800-123,1,HARDWARE AND TOOLS,35.27,35.27,Kwikset,,Hardware,,Door Locks
1176354,777726,1004470511,Satin Nickel Single Cylinder Deadbolt featuring SmartKey Security with Microban Antimicrobial Technology,99800-123,1,HARDWARE AND TOOLS,35.27,35.27,Kwikset,,Hardware,,Door Locks
1176354,778005,583987,SLIDING DOOR HANDLESET- ALUM,C 1000,2,HARDWARE AND TOOLS,17.42,34.84,,,,,
1176354,778005,1002246016,MKE 25FT COMPACT TAPE MEASURE,48-22-6625,2,HARDWARE AND TOOLS,17.35,34.7,Milwaukee,,Tools,,Measuring Tools
1176354,778005,573133,KS SEC BALBOA ENTRY SATIN NICK,405BL 15 CP K6,1,HARDWARE AND TOOLS,34.41,34.41,,,,,
1176354,777726,573133,KS SEC BALBOA ENTRY SATIN NICK,405BL 15 CP K6,1,HARDWARE AND TOOLS,34.41,34.41,,,,,
1176354,777726,1002080172,4 in. x 4 in. Post Adapter in Black with 3 Mailbox Mounting Options,7540B-10,3,HARDWARE AND TOOLS,11.44,34.32,Architectural Mailboxes,,Hardware,,Mailbox Hardware
1176354,778005,623028,"""HUSKY 38PC RATCHET/SOCKET SET 3/8"""""" (Please be advised that sets may be missing pieces or otherwise incomplete.)",H38MTSN,1,HARDWARE AND TOOLS,33.66,33.66,,,,,
1176354,777726,1005019802,2-in-1 Folding Utility Knife and Sporting Knife,99978,3,HARDWARE AND TOOLS,11.2,33.6,Husky,,Tools,,Knives & Blades
1176354,777726,1000014724,Folding Lock-Back Utility Knife (3-Pack) (Please be advised that sets may be missing pieces or otherwise incomplete.),96359,2,HARDWARE AND TOOLS,16.72,33.44,Husky,,Tools,,Hand Tool Sets
1176354,777726,362263,ESTWING 16OZ SMTH FACE STL HMR,E3-16S,1,HARDWARE AND TOOLS,33.31,33.31,,,,,
1176354,777726,716182,KS SEC POLO COMBO PACK SATIN NICKEL (Please be advised that sets may be missing pieces or otherwise incomplete.),690P 15 CP K6,1,HARDWARE AND TOOLS,32.84,32.84,,,,,
1176354,778005,1004714742,35 ft. x 1-1/16 in. Compact Magnetic Tape Measure with 15 ft. Reach,48-22-0335,1,HARDWARE AND TOOLS,32.54,32.54,Milwaukee,,Tools,,Measuring Tools
1176354,777726,1002338438,1/4 in. Drive 100-Position Ratchet and Universal SAE/Metric Socket Wrench Set (20-Piece) (Please be advised that sets may be missing pieces or otherwise incomplete.),H1004D20SWS,1,HARDWARE AND TOOLS,32.44,32.44,Husky,,Tools,,Hand Tool Sets
1176354,777726,637107,"""HUSKY 11PC 1/2"""" DRV SAE DEEP IMP SET"" (Please be advised that sets may be missing pieces or otherwise incomplete.)",H2DSAEI11PCSR,1,HARDWARE AND TOOLS,32.24,32.24,,,,,
1176354,777726,734512,KS SIG TUSTIN BED/BATH VEN BRONZE,730TNL11PCP,1,HARDWARE AND TOOLS,31.99,31.99,,,,,
1176354,778005,1002585107,"Diecast, White, Patio Door Handle Set with Clamp Upgrade (Please be advised that sets may be missing pieces or otherwise incomplete.)",C 1263,1,HARDWARE AND TOOLS,31.72,31.72,Prime-Line,,Hardware,,Sliding Door Hardware
1176354,778005,567418,KS SEC SGL CYL DBOLT POL BRASS,660 3 CP K6,2,HARDWARE AND TOOLS,15.74,31.48,,,,,
1176354,777726,1005590372,12 in. Quick Adjusting Curved Jaw Groove Joint Pliers,90142,2,HARDWARE AND TOOLS,15.74,31.48,Husky,,Tools,,Pliers
1176354,777726,748247,KS SIG JUNO BED/BATH POL BRASS,730J3CP,2,HARDWARE AND TOOLS,15.65,31.3,,,,,
1176354,778005,360199,"""SCOTCHBLUE 1.88"""" 2090 6PK"" (Please be advised that sets may be missing pieces or otherwise incomplete.)",2090-2-CP,1,HARDWARE AND TOOLS,30.84,30.84,,,,,
1176354,778005,1001383476,"""HUSKY 3/8"""" DRIVE FLEX EXTNDBL RTCHT""",H38FERAT,1,HARDWARE AND TOOLS,30.69,30.69,Husky,,Tools,,Ratchets & Sockets
1176354,778005,865021,"""CH-LOCK 9.5""""HL RND NOSE LINEMENS PLI""",369,1,HARDWARE AND TOOLS,30.62,30.62,,,,,
1176354,778005,1002624845,Cove 690 Satin Nickel Keyed Entry Door Knob and Single Cylinder Deadbolt Combo Pack (Please be advised that sets may be missing pieces or otherwise incomplete.),96900-366,1,HARDWARE AND TOOLS,30.48,30.48,Kwikset,,Hardware,,Door Locks
1176354,777726,1002624845,Cove 690 Satin Nickel Keyed Entry Door Knob and Single Cylinder Deadbolt Combo Pack (Please be advised that sets may be missing pieces or otherwise incomplete.),96900-366,1,HARDWARE AND TOOLS,30.48,30.48,Kwikset,,Hardware,,Door Locks
1176354,778005,1005001218,1/2 in. Drive x 18 in. to 24 in. Extendable Breaker Bar,H12EXTBB1824,1,HARDWARE AND TOOLS,30.16,30.16,Husky,,Tools,,Ratchets & Sockets
1176354,777726,865116,"""CHANNELLOCK 8"""" RETAINING RING PLIER""",927,1,HARDWARE AND TOOLS,29.99,29.99,,,,,
1176354,777726,177971,SLIDING DOOR PULL FOR MORTISE LATCH,C 1139,2,HARDWARE AND TOOLS,14.9,29.8,,,,,
1176354,777726,1004323115,Adjustable 8 in. to 24 in. Magnetic Drawer Divider 6-piece set (Please be advised that sets may be missing pieces or otherwise incomplete.),HMDRWDIV,1,HARDWARE AND TOOLS,29.64,29.64,Husky,,Tools,,Tool Storage Accessories
1176354,778005,1006370026,10 in. & 12 in. Dual Material Tongue and Groove Plier Set with Grip Zone V-Jaw (Please be advised that sets may be missing pieces or otherwise incomplete.),RT400SGSET2-05,1,HARDWARE AND TOOLS,29.53,29.53,Crescent,,Tools,,Hand Tool Sets
1176354,777726,568120,KS SEC TYLO DBL CYL CMB POL BRASS,695T 3 CP K6,1,HARDWARE AND TOOLS,29.3,29.3,,,,,
1176354,777726,1002697294,CABINET HARDWARE JIG,KHI-PULL,1,HARDWARE AND TOOLS,29.2,29.2,,,,,
1176354,777726,1004347534,"Vision HD Rechargeable LED Metal Flashlight, 1200 Lumens",ENPMHRL7,1,HARDWARE AND TOOLS,29.06,29.06,Energizer,,Tools,,Handheld Flashlights
1176354,778005,1000032896,Wood Handle Folding Lock-Back Utility Knife,97211,3,HARDWARE AND TOOLS,9.67,29.01,Husky,,Tools,,Knives & Blades
1176354,778005,419825,WHITE PATIO DR HANDLE MORTISE STYLE,C 1225,1,HARDWARE AND TOOLS,28.95,28.95,,,,,
1176354,777726,419825,WHITE PATIO DR HANDLE MORTISE STYLE,C 1225,1,HARDWARE AND TOOLS,28.95,28.95,,,,,
1176354,778005,734509,KS SIG TUSTIN BED/BATH SATIN NICKEL,730TNL15CP,1,HARDWARE AND TOOLS,28.84,28.84,,,,,
1176354,778005,1000029787,3/8 in. Drive Master Bit Socket Set (37-Piece) (Please be advised that sets may be missing pieces or otherwise incomplete.),H3DBS37PC,1,HARDWARE AND TOOLS,28.53,28.53,Husky,,Tools,,Ratchets & Sockets
1176354,777726,1000029787,3/8 in. Drive Master Bit Socket Set (37-Piece) (Please be advised that sets may be missing pieces or otherwise incomplete.),H3DBS37PC,1,HARDWARE AND TOOLS,28.53,28.53,Husky,,Tools,,Ratchets & Sockets
1176354,778005,508527,FAST TRACK STEEL 2-HANDLE HOOK,1784454,3,HARDWARE AND TOOLS,9.45,28.35,,,,,
1176354,777726,440969,BLACK PATIO DOOR HANDLE CLAM LATCH,C 1222,1,HARDWARE AND TOOLS,28.11,28.11,,,,,
1176354,777726,1006834733,6 Qt. Latching Storage Totes (Set of 3) (Please be advised that sets may be missing pieces or otherwise incomplete.),14805D04,3,HARDWARE AND TOOLS,9.34,28.02,Sterilite,,Storage & Organization,,Storage Bins
1176354,778005,761904,SIPHON FEED DETAIL SPRAY GUN,H4910DSG,1,HARDWARE AND TOOLS,28.01,28.01,,,,,
1176354,777726,376914,RIDGID HEPA PLEATED PAPER FLTER,VF6000,1,HARDWARE AND TOOLS,27.51,27.51,,,,,
1176354,778005,1002114461,Speed Out Cobalt Extractor (4-Piece) (Please be advised that sets may be missing pieces or otherwise incomplete.),1000369,1,HARDWARE AND TOOLS,27.45,27.45,Ontel Speed Out,,Tools,,Drill Bits
1176354,778005,629968,PATIO DOOR HANDLE BLACK ALUM/WOOD,C 1126,1,HARDWARE AND TOOLS,27.36,27.36,,,,,
1176354,778005,436249,"""MAKITA 3/8"""" KEYLESS CHUCK DRIVER""",763198-1,1,HARDWARE AND TOOLS,27.33,27.33,,,,,
1176354,778005,1003433675,3/8 in. Drive Thin Wall Deep Impact Socket Set MM (10-Piece) (Please be advised that sets may be missing pieces or otherwise incomplete.),H3DHYBMM10PC,1,HARDWARE AND TOOLS,26.8,26.8,Husky,,Tools,,Ratchets & Sockets
1176354,778005,1001669661,64 Qt. Latching Storage Box,14978006,2,HARDWARE AND TOOLS,13.38,26.76,Sterilite,,Storage & Organization,,Storage Bins
1176354,778005,1001381274,1/2 in. Drive Hex Bit Impact Socket Set SAE (7-Piece) (Please be advised that sets may be missing pieces or otherwise incomplete.),H2DSAEHBI7PC,1,HARDWARE AND TOOLS,26.66,26.66,Husky,,Tools,,Ratchets & Sockets
1176354,777726,1001381274,1/2 in. Drive Hex Bit Impact Socket Set SAE (7-Piece) (Please be advised that sets may be missing pieces or otherwise incomplete.),H2DSAEHBI7PC,1,HARDWARE AND TOOLS,26.66,26.66,Husky,,Tools,,Ratchets & Sockets
1176354,777726,1005143255,3/8 in. Drive 144-Tooth Pro Ratchet,H14438FPRAT,1,HARDWARE AND TOOLS,26.64,26.64,Husky,,Tools,,Ratchets & Sockets
1176354,778005,770577,HUSKY 3PC UNIVERSAL JOINT SET (Please be advised that sets may be missing pieces or otherwise incomplete.),HUNIV3PC,2,HARDWARE AND TOOLS,13.29,26.58,,,,,
1176354,777726,1001592741,250-Lumen and 80-Lumen LED Flashlight Combo (2-Pack) (Please be advised that sets may be missing pieces or otherwise incomplete.),HD-1573,2,HARDWARE AND TOOLS,13.29,26.58,Defiant,,Tools,,Hands Free Flashlights
1176354,778005,1002697292,CONCEALED HINGE JIG,KHI-HINGE,1,HARDWARE AND TOOLS,26.57,26.57,,,,,
1176354,777726,1007583343,CABINET DOOR INSTALLATION JIG,KHI-CDIJ,1,HARDWARE AND TOOLS,26.57,26.57,,,,,
1176354,778005,1001380404,1/2 in. Drive 100-Position Low-Profile Long Handle Ratchet,H10012RAT,1,HARDWARE AND TOOLS,26.52,26.52,Husky,,Tools,,Ratchets & Sockets
1176354,778005,1004697152,Pismo Round Matte Black Hall/Closet Door Knob Featuring Microban Antimicrobial Technology,97200-887,1,HARDWARE AND TOOLS,26.5,26.5,Kwikset,,Hardware,,Door Knobs
1176354,777726,1004697152,Pismo Round Matte Black Hall/Closet Door Knob Featuring Microban Antimicrobial Technology,97200-887,1,HARDWARE AND TOOLS,26.5,26.5,Kwikset,,Hardware,,Door Knobs
1176354,778005,1000055179,1/4 in. x 100 ft. Polyurethane Air Hose,14-100-HOM,1,HARDWARE AND TOOLS,26.22,26.22,Husky,,Tools,,Air Compressor Parts & Accessories
1176354,777726,1000055179,1/4 in. x 100 ft. Polyurethane Air Hose,14-100-HOM,1,HARDWARE AND TOOLS,26.22,26.22,Husky,,Tools,,Air Compressor Parts & Accessories
1176354,778005,1003097321,MEDIUM STROKE AIR HAMMER,H4630,1,HARDWARE AND TOOLS,25.98,25.98,Husky,,Tools,,Air Tools
1176354,777726,1005404449,HUSKY 25PC PRECISION SCREWDRIVER SET (Please be advised that sets may be missing pieces or otherwise incomplete.),432360240,2,HARDWARE AND TOOLS,12.99,25.98,,,Tools,,Screwdrivers & Nut Drivers
1176354,777726,901109,ANVIL STRAIGHT CUT AVIATION SNIP-3PK (Please be advised that sets may be missing pieces or otherwise incomplete.),007-540-WKF,2,HARDWARE AND TOOLS,12.85,25.7,,,,,
1176354,777726,1004714739,16 ft. x 1-5/16 in. Wide Blade Magnetic Tape Measure with 16 ft. Reach,48-22-0216M,1,HARDWARE AND TOOLS,25.63,25.63,Milwaukee,,Tools,,Measuring Tools
1176354,778005,994682,COAST G25 LED FLASHLIGHT,HD7547CP,2,HARDWARE AND TOOLS,12.73,25.46,,,,,
1176354,778005,462001,9'X9' DRAWSTRING TARP,462001,3,HARDWARE AND TOOLS,8.47,25.41,,,,,
1176354,777726,1005542215,"""CH-LOCK 9.5"""" CRIMPING TOOL""",909,1,HARDWARE AND TOOLS,25.2,25.2,Channellock,,Tools,,Pliers
1176354,778005,460395,KS SEC TYLO ENTRY POL BRASS,400T 3 CP K6,2,HARDWARE AND TOOLS,12.59,25.18,,,,,
1176354,778005,1005411665,16 ft. 1.25 in. Ratchet Tie-Down Straps with S-Hook (4-Pack) (Please be advised that sets may be missing pieces or otherwise incomplete.),FH0836E,1,HARDWARE AND TOOLS,25.07,25.07,Husky,,Hardware,Tie-Down Straps,Ratchet Straps
1176354,777726,1001509950,Naples Aged Bronze Entry Handle and Single Cylinder Deadbolt Combo Pack (Please be advised that sets may be missing pieces or otherwise incomplete.),MYEX7L1B,1,HARDWARE AND TOOLS,24.96,24.96,Defiant,,Hardware,,Door Locks
1176354,777726,1001411556,Gator Machete Jr with 10.75 in. Blade (Sheath Included),30-001199HDN,1,HARDWARE AND TOOLS,24.78,24.78,Gerber,,Tools,,Cutting Tools
1176354,778005,1004704043,GearKlamp 24 in. Capacity Fast-Action Bar Clamp with 2-3/8 in. Throat Depth,GK60,1,HARDWARE AND TOOLS,24.56,24.56,BESSEY,,Tools,,Fastening Tools
1176354,778005,1006562816,Schumacher Pro Automotive 6-Volt/12-Volt 2-Amp Battery Charger and Maintainer with Auto Voltage Detection,SPR1627,1,HARDWARE AND TOOLS,24.33,24.33,Schumacher Electric,,Automotive,,Car Battery Chargers
1176354,778005,1006197855,12 in. to 16 in. Extendable Adjustable Wrench,HEXTADJ12,1,HARDWARE AND TOOLS,24.32,24.32,,,Tools,,Wrenches
1176354,778005,584266,LATCH W/FACEPLATE FOR SLIDING DOORS,E 2013,3,HARDWARE AND TOOLS,8.08,24.24,,,,,
1176354,777726,1005519885,"120 Watt Power Inverter, 12V DC, 120V AC, Dual USB Charging Ports",PI120SV,1,HARDWARE AND TOOLS,24.08,24.08,Vector,,Automotive,,Car Power Inverters
1176354,777726,798860,HUSKY 26PC SAE & MM BLLND HEX SET (Please be advised that sets may be missing pieces or otherwise incomplete.),HBEHKSM26PC,2,HARDWARE AND TOOLS,12.04,24.08,,,,,
1176354,778005,438342,"""AVP 7-1/4"""" 24T FRAMING CSB (4PK)"" (Please be advised that sets may be missing pieces or otherwise incomplete.)",P0724R4,1,HARDWARE AND TOOLS,24.04,24.04,,,,,
1176354,778005,1002772670,26 in. Plastic Portable Tool Box with Metal Latches in Black,235580,1,HARDWARE AND TOOLS,23.86,23.86,Husky,,Tools,,Portable Tool Boxes
1176354,778005,1001536204,Balboa Venetian Bronze Privacy Bed/Bath Door Handle with Microban Antimicrobial Technology and Lock,93001-767,1,HARDWARE AND TOOLS,23.76,23.76,Kwikset,,Hardware,,Door Handles
1176354,778005,100228,"""ESTWING 16-1/2""""PRO CLAW CONTRCTR BAR""",RSC,1,HARDWARE AND TOOLS,23.65,23.65,,,,,
1176354,778005,1000029807,Metric Quad Drive Ratcheting Wrench Set (2-Piece) (Please be advised that sets may be missing pieces or otherwise incomplete.),HQRRW2PCMM,1,HARDWARE AND TOOLS,23.63,23.63,Husky,,Tools,,Wrenches
1176354,777726,1001839256,HUSKY 2-1/2 IN 5 IN PADDED WORK BELT,GP-53815CN16,1,HARDWARE AND TOOLS,23.48,23.48,,,,,
1176354,777726,532135,HUSKY STUBBY WRENCH/SOCKET SET (Please be advised that sets may be missing pieces or otherwise incomplete.),007-40,1,HARDWARE AND TOOLS,23.32,23.32,,,,,
1176354,777726,1002883306,Fabric Cap Gel/Foam Non-Marring Knee Pads,1H-22382-06,1,HARDWARE AND TOOLS,23.09,23.09,Husky,,Flooring,,Flooring Tools
1176354,777726,1001536203,Balboa Venetian Bronze Passage Hall/Closet Door Handle with Microban Antimicrobial Technology,92001-477,1,HARDWARE AND TOOLS,22.95,22.95,Kwikset,,Hardware,,Door Handles
1176354,777726,1005597945,3/8 in. Drive 100-Position Chrome Locking Flex-Head Ratchet,H100C38FLRAT,1,HARDWARE AND TOOLS,22.89,22.89,Husky,,Tools,,Ratchets & Sockets
1176354,777726,333565,4 TIER BLK SHELVING 28W X 15L X 52H,17307263,1,HARDWARE AND TOOLS,22.43,22.43,,,,,
1176354,778005,1004714737,25 ft. x 1-1/16 in. Compact Magnetic Tape Measure with 15 ft. Reach,48-22-0325,1,HARDWARE AND TOOLS,22.23,22.23,Milwaukee,,Tools,,Measuring Tools
1176354,778005,573074,KS SEC BALBOA BED/BATH SATIN NICKEL,300BL 15 CP,1,HARDWARE AND TOOLS,22.12,22.12,,,,,
1176354,777726,1005589467,"Energizer TAC 1000 LED Flashlight, 1000 Lumens",ENPMHT61,1,HARDWARE AND TOOLS,22.09,22.09,Energizer,,Tools,,Handheld Flashlights
1176354,777726,1005825739,"LED Rechargeable Headlamp Flashlight, 15-Hour Run Time, 400 Lumens (Charging Cable Included)",ENIHDFRLPH,1,HARDWARE AND TOOLS,21.97,21.97,Energizer,,Tools,,Headlamps
1176354,777726,1002338449,1-1/4 in. 12-Point Ratcheting Combination Wrench,HRW1I14,1,HARDWARE AND TOOLS,21.78,21.78,Husky,,Tools,,Wrenches
1176354,778005,1002141574,Hartford Aged Bronze Entry Knob and Double Cylinder Deadbolt Combo Pack (Please be advised that sets may be missing pieces or otherwise incomplete.),BGX7L2B,1,HARDWARE AND TOOLS,21.7,21.7,Defiant,,Hardware,,Door Locks
1176354,778005,1005879666,1/4 in. Drive Ratchet SAE/Metric Standard Socket Set (24-Piece) (Please be advised that sets may be missing pieces or otherwise incomplete.),H4D24PCSWS,1,HARDWARE AND TOOLS,21.64,21.64,Husky,,Tools,Hand Tools,Hand Tool Sets
1176354,777726,1002246008,100 ft. Closed Reel Long Tape Measure,48-22-5101,1,HARDWARE AND TOOLS,21.59,21.59,Milwaukee,,Tools,,Measuring Tools
1176354,778005,572560,KS SEC BALBOA HALL/CLOSET SATIN NICK,200BL 15 CP,1,HARDWARE AND TOOLS,21.29,21.29,,,,,
1176354,777726,572560,KS SEC BALBOA HALL/CLOSET SATIN NICK,200BL 15 CP,1,HARDWARE AND TOOLS,21.29,21.29,,,,,
1176354,777726,388590,DEFIANT HARTFORD COMBO SGL CYL ABZ,BGX7L1,1,HARDWARE AND TOOLS,21.13,21.13,,,,,
1176354,778005,388590,DEFIANT HARTFORD COMBO SGL CYL ABZ,BGX7L1,1,HARDWARE AND TOOLS,21.11,21.11,,,,,
1176354,777726,1007125241,13 IN. WORKDAY BACKPACK,2H-68005-20DI,1,HARDWARE AND TOOLS,21.1,21.1,Husky,,Tools,,Tool Bags
1176354,778005,1001669665,106 Qt. Latching Storage Box,14998004,1,HARDWARE AND TOOLS,21.07,21.07,Sterilite,,Storage & Organization,,Storage Bins
1176354,777726,388590,DEFIANT HARTFORD COMBO SGL CYL ABZ,BGX7L1,1,HARDWARE AND TOOLS,21.03,21.03,,,,,
1176354,778005,1001381073,HUSKY 1/4 3/8 1/2 E-TORX SOCKET SET (Please be advised that sets may be missing pieces or otherwise incomplete.),HETX13PC,1,HARDWARE AND TOOLS,20.96,20.96,Husky,,Tools,,Ratchets & Sockets
1176354,777726,1001381073,HUSKY 1/4 3/8 1/2 E-TORX SOCKET SET (Please be advised that sets may be missing pieces or otherwise incomplete.),HETX13PC,1,HARDWARE AND TOOLS,20.96,20.96,Husky,,Tools,,Ratchets & Sockets
1176354,778005,1005918064,Z2 Auto-Bite 8 in. V-Jaw Tongue and Groove Dual Material Grip Pliers With Quick Adjust Jaws,RTAB8CG,1,HARDWARE AND TOOLS,20.93,20.93,Crescent,,Tools,,Pliers
1176354,777726,1005918064,Z2 Auto-Bite 8 in. V-Jaw Tongue and Groove Dual Material Grip Pliers With Quick Adjust Jaws,RTAB8CG,1,HARDWARE AND TOOLS,20.93,20.93,Crescent,,Tools,,Pliers
1176354,777726,1002246015,MKE 30FT COMPACT TAPE MEASURE,48-22-6630,1,HARDWARE AND TOOLS,20.73,20.73,Milwaukee,,Tools,,Measuring Tools
1176354,777726,1001298046,3-Tier Steel Wire Shelving Unit in Black (24 in. W x 30 in. H x 14 in. D),EH-WSTHDUS-006B,1,HARDWARE AND TOOLS,20.69,20.69,HDX,,Storage & Organization,,Garage Shelving
1176354,777726,1000003752,Accent Series Satin Nickel Left Handed Dummy Door Lever with Camelot Trim,F170 V ACC 619,1,HARDWARE AND TOOLS,20.68,20.68,Schlage,,Hardware,,Door Handles
1176354,777726,1001496333,"""DEWALT PUSHLOCK 10"""" STRAIGHT JAW""",DWHT74427,1,HARDWARE AND TOOLS,20.59,20.59,DEWALT,,Tools,,Pliers
1176354,777726,861461,HUSKY 4PC PLIERS SET (Please be advised that sets may be missing pieces or otherwise incomplete.),96618,1,HARDWARE AND TOOLS,20.38,20.38,,,,,
1176354,777726,1006392673,16 oz. Ball-Peen Hammer with Hickory Handle,2021-16W-HUSKY,1,HARDWARE AND TOOLS,20.33,20.33,Husky,,Tools,,Hammers
1176354,778005,1005847031,Swagger 3.25 in. Drop Point Partially Serrated Tactical Folding Knife,31-004099,1,HARDWARE AND TOOLS,20.26,20.26,Gerber,,Tools,Hand Tools,Knives & Blades
1176354,777726,1005847031,Swagger 3.25 in. Drop Point Partially Serrated Tactical Folding Knife,31-004099,1,HARDWARE AND TOOLS,20.26,20.26,Gerber,,Tools,Hand Tools,Knives & Blades
1176354,778005,1006705919,SOFT CAP FLEX GEL/FOAM KNEE PADS,1H-327-2,1,HARDWARE AND TOOLS,20.24,20.24,Husky,,Flooring,,Flooring Tools
1176354,778005,885700,KS SIG JUNO BED/BATH VENETIAN BRONZE,730J 11P CP,1,HARDWARE AND TOOLS,19.95,19.95,,,,,
1176354,778005,878555,HUSKY 12IN GROOVE JOINT PLIERS,48065,2,HARDWARE AND TOOLS,9.97,19.94,,,,,
1176354,778005,1001723449,Steel Locking Boomerang Hitch Pin with Coupler Lock - Fits 1/2 in. and 5/8 in. Receivers,743M,1,HARDWARE AND TOOLS,19.5,19.5,TowSmart,,Automotive,,Hitches
1176354,777726,107423,"""HUSKY RATCHET 1/2"""" FULL POLISH""",H12FPRAT,1,HARDWARE AND TOOLS,19.42,19.42,,,,,
1176354,777726,1004677275,KREG POCKET HOLE JIG 310,KPHJ310,1,HARDWARE AND TOOLS,19.32,19.32,Kreg,,Tools,,Cutting Tools
1176354,778005,1004308202,HUSKY 2-IN-1 EXTENDABLE LAYOUT SQUAR,HSSP6,1,HARDWARE AND TOOLS,19.28,19.28,Husky,,Tools,,Marking Tools & Layout Tools
1176354,777726,1004308202,HUSKY 2-IN-1 EXTENDABLE LAYOUT SQUAR,HSSP6,1,HARDWARE AND TOOLS,19.28,19.28,Husky,,Tools,,Marking Tools & Layout Tools
1176354,777726,1005539300,12 in. V-Jaw Tongue and Groove Pliers,442,1,HARDWARE AND TOOLS,19.22,19.22,Channellock,,Tools,,Pliers
1176354,777726,1000091116,Prestige Spyglass Satin Nickel Dummy Door Handle,656739,1,HARDWARE AND TOOLS,19.12,19.12,Baldwin,,Hardware,,Door Handles
1176354,777726,878984,HUSKY 16IN GROOVE JOINT PLIERS,48066,1,HARDWARE AND TOOLS,19.08,19.08,,,,,
1176354,778005,769101,HUSKY 11PC MASTER ACCESORY SET (Please be advised that sets may be missing pieces or otherwise incomplete.),HACCY11PC,1,HARDWARE AND TOOLS,18.89,18.89,,,,,
1176354,777726,1003003278,WISS 9-4/5 IN OFFSET STRT CUT SNIP,M8OS,1,HARDWARE AND TOOLS,18.69,18.69,Wiss,,Tools,,Cutting Tools
1176354,777726,1003177434,25 ft. Nylon Recoil Kit (15-Piece) (Please be advised that sets may be missing pieces or otherwise incomplete.),41252BXHOM,1,HARDWARE AND TOOLS,18.54,18.54,Husky,,Tools,,Air Compressor Parts & Accessories
1176354,778005,1002624874,Cove Satin Nickel Keyed Entry Door Knob,94002-821,1,HARDWARE AND TOOLS,18.52,18.52,Kwikset,,Hardware,,Door Knobs
1176354,777726,971419,KS SIG JUNO HAL/CLOSET VENETIAN BRNZ,720J 11P CP,1,HARDWARE AND TOOLS,18.48,18.48,,,,,
1176354,778005,312955,DRAWER SAFE,DS-1,1,HARDWARE AND TOOLS,18.35,18.35,,,,,
1176354,777726,716281,KS SEC SGL CYL DBOLT SATIN NICKEL,660 15 CP K6,1,HARDWARE AND TOOLS,18.33,18.33,,,,,
1176354,778005,715324,KS SEC POLO ENTRY SATIN NICKEL,400P 15 CP K6,1,HARDWARE AND TOOLS,18.26,18.26,,,,,
1176354,777726,1002457190,XLT Miter Trim Cutter,FT6012,1,HARDWARE AND TOOLS,18.12,18.12,RIDGID,,Flooring,,Flooring Tools
1176354,778005,1001401398,"Diecast, White, Outside Patio Door Pull with Key",C 1120,1,HARDWARE AND TOOLS,17.99,17.99,Prime-Line,,Hardware,,Sliding Door Hardware
1176354,777726,1000029788,3/8 in. Drive Standard Metric Impact Socket Set (9-Piece) (Please be advised that sets may be missing pieces or otherwise incomplete.),H3DIMSM9PC,1,HARDWARE AND TOOLS,17.99,17.99,Husky,,Tools,,Ratchets & Sockets
1176354,777726,637331,HUSKY TAMPRPRF TORX 8PC BIT SCKT SET (Please be advised that sets may be missing pieces or otherwise incomplete.),HTPTXBS8PCSR,1,HARDWARE AND TOOLS,17.93,17.93,,,,,
1176354,777726,419859,"""1-1/8"""" TANDEM GLASS DOOR ROLLER""",D 1727,2,HARDWARE AND TOOLS,8.95,17.9,,,,,
1176354,777726,1002669469,"1 in. Dia Face, Mailbox Lock, No Cams, Diecast Construction, Nickle Plated Finish, Auth-Florence, Opens Clockwise, 90",S 4710,2,HARDWARE AND TOOLS,8.95,17.9,Prime-Line,,Hardware,Mailboxes,Mailbox Hardware
1176354,777726,1002585112,"1 in., Steel, Sliding Door Tandem Roller Assembly",D 1979,1,HARDWARE AND TOOLS,17.88,17.88,Prime-Line,,Hardware,,Door Repair
1176354,778005,567434,KS SEC SGL CYL DBOLT ANT BRONZE,660 5 CP K6,1,HARDWARE AND TOOLS,17.6,17.6,,,,,
1176354,777726,567434,KS SEC SGL CYL DBOLT ANT BRONZE,660 5 CP K6,1,HARDWARE AND TOOLS,17.6,17.6,,,,,
1176354,777726,637758,KS SEC COVE HALL/CLOSET VEN BRONZE,200CV 11P CP,1,HARDWARE AND TOOLS,17.14,17.14,,,,,
1176354,778005,284576,HANDLE W/LATCH FOR SLIDING DOORS,C 1006,1,HARDWARE AND TOOLS,17.09,17.09,,,,,
1176354,777726,1005440823,4 in. Bi-Metal Folding Knife with Nylon Handle,90107,1,HARDWARE AND TOOLS,17.04,17.04,SOG,,Tools,,Knives & Blades
1176354,778005,667368,POCKET DOOR PRIVACY LATCH SAT NICKEL,N 7239,2,HARDWARE AND TOOLS,8.51,17.02,,,,,
1176354,777726,1002145413,"Energizer Vision HD+ Focus LED Headlamp, 400 Lumens",HDD32EH,1,HARDWARE AND TOOLS,16.84,16.84,Energizer,,Tools,,Headlamps
1176354,778005,1000051893,Crates and Pallet 18 in. x 12.5 in. x 9.5 in. Large Wood Crate,CRAT18,1,HARDWARE AND TOOLS,16.76,16.76,Crates & Pallet,,Storage & Organization,,
1176354,777726,693295,KS SEC SGL CYL DBOLT VEN BRONZE,660 11P CP K6,1,HARDWARE AND TOOLS,16.74,16.74,,,,,
1176354,777726,115151,KS SECURITY SGL CYL DBOLT SATN CHRM,660 26D CP K6,1,HARDWARE AND TOOLS,16.55,16.55,,,,,
1176354,777726,1002141575,Hartford Satin Nickel Entry Knob and Double Cylinder Deadbolt Combo Pack (Please be advised that sets may be missing pieces or otherwise incomplete.),BGX2L2B,1,HARDWARE AND TOOLS,16.53,16.53,Defiant,,Hardware,,Door Locks
1176354,777726,300774,DEFIANT HARTFORD COMBO SGL CYL SN,BGX2L1,1,HARDWARE AND TOOLS,16.51,16.51,,,,,
1176354,777726,1004677287,Easy-Set Drill Bit with Stop Collar and Gauge/Hex Wrench (Please be advised that sets may be missing pieces or otherwise incomplete.),KPHA308,1,HARDWARE AND TOOLS,16.35,16.35,Kreg,,Tools,Woodworking Tools,Woodworking Jigs
1176354,777726,1005074123,HUSKY 1/2 IN SWIVEL MAG SOCKET RAIL,H2DSWIVMGRAIL,1,HARDWARE AND TOOLS,16.23,16.23,Husky,,Tools,,Tool Accessories
1176354,777726,1005074125,HUSKY 3/8 IN SWIVEL MAG SOCKET RAIL,H3DSWIVMGRAIL,1,HARDWARE AND TOOLS,16.23,16.23,Husky,,Tools,,Tool Accessories
1176354,778005,1006197859,HUSKY 3PC STRIKING SCREWDRIVER SET (Please be advised that sets may be missing pieces or otherwise incomplete.),H3PCSTRKSDS,1,HARDWARE AND TOOLS,16.21,16.21,,,Tools,,Hand Tool Sets
1176354,778005,1001592740,500 Lumens LED Aluminum Flashlight,HD-1570,1,HARDWARE AND TOOLS,16.1,16.1,Defiant,,Tools,,Handheld Flashlights
1176354,777726,492238,METAL SPRING DOOR CLOSER - BROWN,KC17HD,1,HARDWARE AND TOOLS,15.99,15.99,,,,,
1176354,778005,563065,"""4"""" INDUSTRIAL CASTERS""",30260PS,1,HARDWARE AND TOOLS,15.74,15.74,,,,,
1176354,777726,567418,KS SEC SGL CYL DBOLT POL BRASS,660 3 CP K6,1,HARDWARE AND TOOLS,15.74,15.74,,,,,
1176354,778005,109649,"""HUSKY BREAKER BAR 1/2"""" 15""""""",H12BB15,1,HARDWARE AND TOOLS,15.54,15.54,,,,,
1176354,778005,1001401204,"""9""""ALUM LH TEARDROP CASEMENT OPERATOR""",H 4282,1,HARDWARE AND TOOLS,15.34,15.34,,,,,
1176354,778005,183032,HUSKY MICRODRIVER SET 16PC (Please be advised that sets may be missing pieces or otherwise incomplete.),HRWMD16PCS,1,HARDWARE AND TOOLS,15.22,15.22,,,,,
1176354,778005,650488,DEFIANT BRANDYWINE COMBO DBL CYL PB,B87L2,1,HARDWARE AND TOOLS,15.2,15.2,,,,,
1176354,778005,1002624866,KS SEC COVE BED/BATH SATIN NICKEL,93001-866,1,HARDWARE AND TOOLS,14.67,14.67,,,,,
1176354,778005,634714,"""HUSKY 10PC 3/8"""" DRV MM DEEP SCKT SET"" (Please be advised that sets may be missing pieces or otherwise incomplete.)",H3DDPMM10PCSR,1,HARDWARE AND TOOLS,14.67,14.67,,,,,
1176354,778005,634689,"""HUSKY 10PC 3/8"""" DRV SAE DEEP SCKTS"" (Please be advised that sets may be missing pieces or otherwise incomplete.)",H3DDPSAE10PCSR,1,HARDWARE AND TOOLS,14.67,14.67,,,,,
1176354,778005,1000024270,HUSKY 10PC. SCREWDRIVER SET (Please be advised that sets may be missing pieces or otherwise incomplete.),246340100,1,HARDWARE AND TOOLS,14.46,14.46,Husky,,Tools,,Screwdrivers & Nut Drivers
1176354,777726,711572,INTERNAL GLASS DOOR HANDLE,C 1107,1,HARDWARE AND TOOLS,14.42,14.42,,,,,
1176354,777726,503642,RIDGID HI-EFFCNY FLTR - 3-4.5G+ VACS,VF3500,1,HARDWARE AND TOOLS,14.38,14.38,,,,,
1176354,778005,584029,UNIVERSAL GLASS DOOR HANDLE ALUM,C 1023,1,HARDWARE AND TOOLS,14.15,14.15,,,,,
1176354,778005,1001855882,12 in 1 Quick Load Ratcheting Screwdriver,99515,1,HARDWARE AND TOOLS,14.14,14.14,,,Tools,,Screwdrivers & Nut Drivers
1176354,777726,1002624848,KS SEC COVE HALL/CLOSET SATIN NICKEL,92001-509,1,HARDWARE AND TOOLS,13.85,13.85,,,,,
1176354,777726,1003182030,3/8 X 50 YELLOW HYBRID AIR HOSE,575-50A-HOM,1,HARDWARE AND TOOLS,13.82,13.82,,,,,
1176354,778005,715687,KS SEC POLO BED/BATH SATIN NICKEL,300P15 CP,1,HARDWARE AND TOOLS,13.8,13.8,,,,,
1176354,778005,1001723482,1-1/8 in. and 1-1/2 in. Torque Hitch Ball Wrench,721,1,HARDWARE AND TOOLS,13.76,13.76,TowSmart,,Tools,,Wrenches
1176354,778005,107385,"""HUSKY RATCHET 3/8"""" FULL POLISH""",H38FPRAT,1,HARDWARE AND TOOLS,13.44,13.44,,,,,
1176354,777726,107385,"""HUSKY RATCHET 3/8"""" FULL POLISH""",H38FPRAT,1,HARDWARE AND TOOLS,13.44,13.44,,,,,
1176354,777726,1001669661,64 Qt. Latching Storage Box,14978006,1,HARDWARE AND TOOLS,13.38,13.38,Sterilite,,Storage & Organization,,Storage Bins
1176354,777726,126752,"""CRESCENT 4"""" CSHN GRIP SHEAR CUT 2 PK"" (Please be advised that sets may be missing pieces or otherwise incomplete.)",S2KS5,1,HARDWARE AND TOOLS,13.29,13.29,,,,,
1176354,778005,623836,HUSKY 7PC SAE STUBBY WRENCH SET (Please be advised that sets may be missing pieces or otherwise incomplete.),HSTW7PCSAE,1,HARDWARE AND TOOLS,13.16,13.16,,,,,
1176354,778005,1003181431,TIRE INFLATION GUN,HDA51500,1,HARDWARE AND TOOLS,13.08,13.08,,,,,
1176354,777726,1003181431,TIRE INFLATION GUN,HDA51500,1,HARDWARE AND TOOLS,13.08,13.08,,,,,
1176354,777726,1003184676,16 ft. Compact Auto Lock Tape Measure,48-22-6816,1,HARDWARE AND TOOLS,13.06,13.06,Milwaukee,,Tools,,Measuring Tools
1176354,778005,1000055184,1/4 in. x 50 ft. Polyurethane Air Hose,14-50-HOM,1,HARDWARE AND TOOLS,12.95,12.95,Husky,,Tools,,Air Compressor Parts & Accessories
1176354,777726,1000055184,1/4 in. x 50 ft. Polyurethane Air Hose,14-50-HOM,1,HARDWARE AND TOOLS,12.95,12.95,Husky,,Tools,,Air Compressor Parts & Accessories
1176354,777726,831255,DEFIANT BRANDYWINE COMBO SGL CYL SS,B86L1,1,HARDWARE AND TOOLS,12.88,12.88,,,,,
1176354,778005,738237,KS SEC TYLO ENTRY SATIN CHROME,400T 26D CP K6,1,HARDWARE AND TOOLS,12.84,12.84,,,,,
1176354,777726,994682,COAST G25 LED FLASHLIGHT,HD7547CP,1,HARDWARE AND TOOLS,12.73,12.73,,,,,
1176354,777726,460395,KS SEC TYLO ENTRY POL BRASS,400T 3 CP K6,1,HARDWARE AND TOOLS,12.59,12.59,,,,,
1176354,777726,1004864726,600 Lumens LED Virtually Unbreakable Aluminum Flashlight,19FL0603,1,HARDWARE AND TOOLS,12.47,12.47,Husky,,Tools,,Handheld Flashlights
1176354,778005,781252,PATO DR HNDL ASSEM FLUSH MNT BLK,C 1076,1,HARDWARE AND TOOLS,11.98,11.98,,,,,
1176354,777726,1003433678,HUSKY FOLDING NUT DRIVER SET MM (Please be advised that sets may be missing pieces or otherwise incomplete.),HFNDMM6PC,1,HARDWARE AND TOOLS,11.98,11.98,,,,,
1176354,777726,1006309527,DEFIANT EMERGENCY AUTOMOTIVE KIT,DAL500QP,1,HARDWARE AND TOOLS,11.8,11.8,Defiant,,Tools,,Home Safety
1176354,778005,879563,HUSKY SOFT CAP KNEE PAD,1DM-354,1,HARDWARE AND TOOLS,11.73,11.73,,,,,
1176354,777726,1001831281,7 in. 3-Pocket Clip On Tool Belt Pouch,GP-53260N16,1,HARDWARE AND TOOLS,11.73,11.73,Husky,,Tools,,Tool Belts
1176354,777726,818465,GLASS DOOR LATCH PULL CHROME,C 1045,1,HARDWARE AND TOOLS,11.69,11.69,,,,,
1176354,777726,1007707591,HDX 20 GAL TOTE WATERCRESS,2120-4419108,1,HARDWARE AND TOOLS,11.37,11.37,HDX,,Storage & Organization,,Storage Bins
1176354,778005,798400,HUSKY 26PC SAE & MM LONG ARM HEX SET (Please be advised that sets may be missing pieces or otherwise incomplete.),HLAHKSM26PC,1,HARDWARE AND TOOLS,11.35,11.35,,,,,
1176354,777726,798400,HUSKY 26PC SAE & MM LONG ARM HEX SET (Please be advised that sets may be missing pieces or otherwise incomplete.),HLAHKSM26PC,1,HARDWARE AND TOOLS,11.35,11.35,,,,,
1176354,778005,508424,FAST TRACK STEEL MULTI-PURPOSE HOOK,1784459,1,HARDWARE AND TOOLS,11.3,11.3,,,,,
1176354,778005,108653,HDX 12 GALLON FLIP TOP TOTE,211512,1,HARDWARE AND TOOLS,11.24,11.24,,,,,
1176354,778005,1000055182,1/4 X 25 POLYURETHANE RECOIL HOSE,24-25E-RET-HOM,1,HARDWARE AND TOOLS,11.23,11.23,,,,,
1176354,778005,508491,FAST TRACK STEEL HOSE HOOK,1785478,1,HARDWARE AND TOOLS,11.2,11.2,,,,,
1176354,778005,1005019802,2-in-1 Folding Utility Knife and Sporting Knife,99978,1,HARDWARE AND TOOLS,11.2,11.2,Husky,,Tools,,Knives & Blades
1176354,778005,906223,50' DISH FOAM ROLL,20020010,1,HARDWARE AND TOOLS,11.14,11.14,,,,,
1176354,777726,1003262773,27 oz. Dead-Blow Hammer with Rubber Handle,99816,1,HARDWARE AND TOOLS,10.91,10.91,Husky,,Tools,,Hammers
1176354,778005,508136,FAST TRACK STEEL POWER TOOL HOLDER,1784460,1,HARDWARE AND TOOLS,10.75,10.75,,,,,
1176354,777726,1002620877,16 in. Plastic Portable Tool Box with Metal Latch (1.6 mm) in Black,THD2015-03,1,HARDWARE AND TOOLS,10.72,10.72,Husky,,Tools,,Portable Tool Boxes
1176354,778005,637027,"""HUSKY 11PC 1/4"""" AND 3/8"""" TORX SCKTS"" (Please be advised that sets may be missing pieces or otherwise incomplete.)",HTXBS11PCSR,1,HARDWARE AND TOOLS,10.5,10.5,,,,,
1176354,778005,558693,"""RYOBI 6"""" BUFFING WHEEL 3-PC SET"" (Please be advised that sets may be missing pieces or otherwise incomplete.)",A04BW01,1,HARDWARE AND TOOLS,10.47,10.47,,,,,
1176354,777726,823147,"""HUSKY 8"""" C-CLAMP""",008-209-HKY,1,HARDWARE AND TOOLS,10.33,10.33,,,,,
1176354,777726,107319,"""HUSKY RATCHET 1/4"""" FULL POLISH""",H14FPRAT,1,HARDWARE AND TOOLS,10.21,10.21,,,,,
1176354,777726,1001475621,HUSKY 17PC FLDNG BLL HEX KEY SAE/MM (Please be advised that sets may be missing pieces or otherwise incomplete.),HBEFHKSM17PC,1,HARDWARE AND TOOLS,10.19,10.19,,,,,
1176354,777726,1000029736,HUSKY 5PC TORX SCREWDRIVER SET (Please be advised that sets may be missing pieces or otherwise incomplete.),20210002,1,HARDWARE AND TOOLS,10.16,10.16,Husky,,Tools,,Screwdrivers & Nut Drivers
1176354,777726,666789,POCKET DOOR PASSAGE LATCH SAT NICKEL,N 7238,1,HARDWARE AND TOOLS,10.11,10.11,,,,,
1176354,778005,1006250119,200 Lumens Plastic Flashlights (3-Pack) (Please be advised that sets may be missing pieces or otherwise incomplete.),90360,1,HARDWARE AND TOOLS,9.98,9.98,Defiant,,Tools,Flashlights,Handheld Flashlights
1176354,778005,745383,"""ANVIL 14"""" BOLT CUTTERS""",9001H,1,HARDWARE AND TOOLS,9.9,9.9,,,,,
1176354,777726,401910,1/4 NPT MINI AIR FILTER,HDA70403AV,1,HARDWARE AND TOOLS,9.9,9.9,,,,,
1176354,778005,843040,HUSKY 13PC SAE LONG ARM HEX SET (Please be advised that sets may be missing pieces or otherwise incomplete.),HLAHKS13PC,1,HARDWARE AND TOOLS,9.79,9.79,,,,,
1176354,777726,575350,KS SEC BALBOA DUMMY RH SATIN NICKEL,94880-496,1,HARDWARE AND TOOLS,9.76,9.76,,,,,
1176354,777726,1007001744,HARD CAP KNEE PADS,2H-357-DI,1,HARDWARE AND TOOLS,9.74,9.74,Husky,,Safety Equipment,,
1176354,778005,1001399185,"Polished Chrome, Pocket Door Privacy Lock",N 6773,1,HARDWARE AND TOOLS,9.73,9.73,Prime-Line,,Hardware,Door Hardware,Door Locks
1176354,777726,1006212093,3/4 in. x 1/2 in. x 81 in. Brown Elite Lifetime Door Weatherseal Replacement,ES181B25,1,HARDWARE AND TOOLS,9.62,9.62,Frost King,,Hardware,,Door Seals
1176354,778005,1001392660,HUSKY 120 LUMEN UNBREAKABLE FL AA,99290,1,HARDWARE AND TOOLS,9.52,9.52,,,,,
1176354,777726,1004379119,100 Lumens LED Headlight Combo (3-Pack) (Please be advised that sets may be missing pieces or otherwise incomplete.),99869,1,HARDWARE AND TOOLS,9.52,9.52,Defiant,,Tools,,Headlamps
1176354,777726,1001392660,HUSKY 120 LUMEN UNBREAKABLE FL AA,99290,1,HARDWARE AND TOOLS,9.52,9.52,,,,,
1176354,777726,1002161701,Fabric Cap Foam Non-Marring Knee Pads,1H-226,1,HARDWARE AND TOOLS,9.41,9.41,Husky,,Flooring,,Flooring Tools
1176354,778005,882135,KS SEC TYLO HALL/CLOSET ANT BRASS,200T 5 CP,1,HARDWARE AND TOOLS,9.34,9.34,,,,,
1176354,778005,717667,"""HINGE, STRAP_HD_8""""_BLK_2PK"" (Please be advised that sets may be missing pieces or otherwise incomplete.)",15428,1,HARDWARE AND TOOLS,9.3,9.3,,,,,
1176354,778005,217291,SCHLAGE REKEY KIT,E 2402,1,HARDWARE AND TOOLS,9.13,9.13,,,,,
1176354,778005,1002669469,"1 in. Dia Face, Mailbox Lock, No Cams, Diecast Construction, Nickle Plated Finish, Auth-Florence, Opens Clockwise, 90",S 4710,1,HARDWARE AND TOOLS,8.95,8.95,Prime-Line,,Hardware,Mailboxes,Mailbox Hardware
1176354,777726,1003159424,"Energizer Vision LED Headlamp, 200 Lumens",HDA32E,1,HARDWARE AND TOOLS,8.86,8.86,Energizer,,Tools,,Headlamps
1176354,777726,504041,MORTISE LOCK FOR SLIDING GLASS DOORS,E 2014,1,HARDWARE AND TOOLS,8.79,8.79,,,,,
1176354,777726,584770,ROLLER FOR TOP-MOUNTED POCKET DOORS,N 6531,1,HARDWARE AND TOOLS,8.78,8.78,,,,,
1176354,777726,1000039418,Clutch Style 12 in. Capacity Bar Clamp with Wood Handle and 2-1/2 in. Throat Depth,GSCC2.512,1,HARDWARE AND TOOLS,8.74,8.74,BESSEY,,Tools,,Fastening Tools
1176354,777726,1000300224,HUSKY 16OZ SMTH FACE FGL CLAW HMR,N-G16CHD-HN,1,HARDWARE AND TOOLS,8.74,8.74,Husky,,Tools,,Hammers
1176354,777726,1002658863,MAILBOX LOCK 9 CAMS 5 PIN NATLKEYWAY,S 4531,1,HARDWARE AND TOOLS,8.74,8.74,,,,,
1176354,777726,860075,"""HUSKY 12"""" DOUBLE SPEED ADJUSTABLE WR""",96598,1,HARDWARE AND TOOLS,8.68,8.68,,,,,
1176354,777726,1000016486,8-Gauge 12 ft. UL Booster Cable,0160812-UL5,1,HARDWARE AND TOOLS,8.58,8.58,,,Automotive,,Jumper Cables
1176354,778005,566314,KS SEC TYLO HALL/CLOSET POL BRASS,200T 3 CP,1,HARDWARE AND TOOLS,8.54,8.54,,,,,
1176354,777726,667368,POCKET DOOR PRIVACY LATCH SAT NICKEL,N 7239,1,HARDWARE AND TOOLS,8.51,8.51,,,,,
1176354,778005,301615,"""4-7/16"""" GLASS DOOR MORTISE LATCH""",E 2164,1,HARDWARE AND TOOLS,8.5,8.5,,,,,
1176354,778005,881996,DEFIANT HARTFORD ENTRY KNOB SN,TGX200,1,HARDWARE AND TOOLS,8.44,8.44,,,,,
1176354,777726,1001381400,15 mm Reversible Ratcheting Combination Wrench,HRRW15MM,1,HARDWARE AND TOOLS,8.37,8.37,Husky,,Tools,,Wrenches
1176354,777726,1006426445,HUSKY 12OZ  HICKORY 2-SIDE MALLET,N-H12AWYRHK,1,HARDWARE AND TOOLS,8.36,8.36,,,,,
1176354,778005,1004823377,FastTrack Garage Accessory Hook Bundle (5-Piece) (Please be advised that sets may be missing pieces or otherwise incomplete.),2078870,1,HARDWARE AND TOOLS,8.33,8.33,Rubbermaid,,Storage & Organization,,Garage Wall Organization
1176354,777726,885414,DEFIANT HARTFORD PRIVACY KNOB ABZ,TGX710,1,HARDWARE AND TOOLS,8.15,8.15,,,,,
